ticker,date,quarter,sector,filename,n_segments,n_management,n_analyst
AAPL,2024-02-01,2023Q4,IT,2024-Feb-01-AAPL.OQ-139920838259-Transcript.pdf,0,0,0
AAPL,2024-05-02,2024Q1,IT,2024-May-02-AAPL.OQ-139087762017-Transcript.pdf,0,0,0
AAPL,2024-08-01,2024Q2,IT,2024-Aug-01-AAPL.OQ-140343799045-Transcript.pdf,0,0,0
AAPL,2024-10-31,2024Q3,IT,2024-Oct-31-AAPL.OQ-140309238402-Transcript.pdf,0,0,0
ABNB,2024-02-13,2023Q4,IT,2024-Feb-13-ABNB.OQ-138110015820-Transcript.pdf,0,0,0
ABNB,2024-02-13,2023Q4,IT,2024-Feb-13-ABNB.OQ-138110015820-Transcript.pdf,0,0,0
ABNB,2024-05-08,2024Q1,IT,2024-May-08-ABNB.OQ-139718069023-Transcript.pdf,0,0,0
ABNB,2024-05-08,2024Q1,IT,2024-May-08-ABNB.OQ-139718069023-Transcript.pdf,0,0,0
ABNB,2024-08-06,2024Q2,IT,2024-Aug-06-ABNB.OQ-138389176546-Transcript.pdf,0,0,0
ABNB,2024-08-06,2024Q2,IT,2024-Aug-06-ABNB.OQ-138389176546-Transcript.pdf,0,0,0
ABNB,2024-11-07,2024Q3,IT,2024-Nov-07-ABNB.OQ-137584758891-Transcript.pdf,0,0,0
ABNB,2024-11-07,2024Q3,IT,2024-Nov-07-ABNB.OQ-137584758891-Transcript.pdf,0,0,0
ACN,2024-03-21,2023Q4,IT,2024-Mar-21-ACN.N-137575857284-Transcript.pdf,0,0,0
ACN,2024-03-21,2023Q4,IT,2024-Mar-21-ACN.N-137575857284-Transcript.pdf,0,0,0
ACN,2024-06-20,2024Q1,IT,2024-Jun-20-ACN.N-140289336105-Transcript.pdf,0,0,0
ACN,2024-06-20,2024Q1,IT,2024-Jun-20-ACN.N-140289336105-Transcript.pdf,0,0,0
ACN,2024-09-26,2024Q2,IT,2024-Sep-26-ACN.N-139558364303-Transcript.pdf,0,0,0
ACN,2024-09-26,2024Q2,IT,2024-Sep-26-ACN.N-139558364303-Transcript.pdf,0,0,0
ACN,2024-12-19,2024Q3,IT,2024-Dec-19-ACN.N-140866509163-Transcript.pdf,0,0,0
ACN,2024-12-19,2024Q3,IT,2024-Dec-19-ACN.N-140866509163-Transcript.pdf,0,0,0
ADBE,2024-03-14,2023Q4,IT,2024-Mar-14-ADBE.OQ-139842578484-Transcript.pdf,0,0,0
ADBE,2024-03-14,2023Q4,IT,2024-Mar-14-ADBE.OQ-139842578484-Transcript.pdf,0,0,0
ADBE,2024-06-13,2024Q1,IT,2024-Jun-13-ADBE.OQ-137459600750-Transcript.pdf,0,0,0
ADBE,2024-06-13,2024Q1,IT,2024-Jun-13-ADBE.OQ-137459600750-Transcript.pdf,0,0,0
ADBE,2024-09-12,2024Q2,IT,2024-Sep-12-ADBE.OQ-137641920201-Transcript.pdf,0,0,0
ADBE,2024-09-12,2024Q2,IT,2024-Sep-12-ADBE.OQ-137641920201-Transcript.pdf,0,0,0
ADBE,2024-12-11,2024Q3,IT,2024-Dec-11-ADBE.OQ-139685945910-Transcript.pdf,0,0,0
ADBE,2024-12-11,2024Q3,IT,2024-Dec-11-ADBE.OQ-139685945910-Transcript.pdf,0,0,0
ADI,2024-02-21,2023Q4,IT,2024-Feb-21-ADI.OQ-138738054498-Transcript.pdf,0,0,0
ADI,2024-05-22,2024Q1,IT,2024-May-22-ADI.OQ-140898090583-Transcript.pdf,0,0,0
ADI,2024-08-21,2024Q2,IT,2024-Aug-21-ADI.OQ-141061889489-Transcript.pdf,0,0,0
ADI,2024-11-26,2024Q3,IT,2024-Nov-26-ADI.OQ-140943105479-Transcript.pdf,0,0,0
ADP,2024-01-31,2023Q4,IT,2024-Jan-31-ADP.OQ-138840917149-Transcript.pdf,0,0,0
ADP,2024-01-31,2023Q4,IT,2024-Jan-31-ADP.OQ-138840917149-Transcript.pdf,0,0,0
ADP,2024-05-01,2024Q1,IT,2024-May-01-ADP.OQ-141122798940-Transcript.pdf,0,0,0
ADP,2024-05-01,2024Q1,IT,2024-May-01-ADP.OQ-141122798940-Transcript.pdf,0,0,0
ADP,2024-07-31,2024Q2,IT,2024-Jul-31-ADP.OQ-141086745723-Transcript.pdf,0,0,0
ADP,2024-07-31,2024Q2,IT,2024-Jul-31-ADP.OQ-141086745723-Transcript.pdf,0,0,0
ADP,2024-10-30,2024Q3,IT,2024-Oct-30-ADP.OQ-139039626180-Transcript.pdf,0,0,0
ADP,2024-10-30,2024Q3,IT,2024-Oct-30-ADP.OQ-139039626180-Transcript.pdf,0,0,0
ADSK,2024-02-29,2023Q4,IT,2024-Feb-29-ADSK.OQ-138243729770-Transcript.pdf,0,0,0
ADSK,2024-02-29,2023Q4,IT,2024-Feb-29-ADSK.OQ-138243729770-Transcript.pdf,0,0,0
ADSK,2024-06-11,2024Q1,IT,2024-Jun-11-ADSK.OQ-138266855493-Transcript.pdf,0,0,0
ADSK,2024-06-11,2024Q1,IT,2024-Jun-11-ADSK.OQ-138266855493-Transcript.pdf,0,0,0
ADSK,2024-08-29,2024Q2,IT,2024-Aug-29-ADSK.OQ-139078857540-Transcript.pdf,0,0,0
ADSK,2024-08-29,2024Q2,IT,2024-Aug-29-ADSK.OQ-139078857540-Transcript.pdf,0,0,0
ADSK,2024-11-26,2024Q3,IT,2024-Nov-26-ADSK.OQ-139884961666-Transcript.pdf,0,0,0
ADSK,2024-11-26,2024Q3,IT,2024-Nov-26-ADSK.OQ-139884961666-Transcript.pdf,0,0,0
AKAM,2024-02-13,2023Q4,IT,2024-Feb-13-AKAM.OQ-139387227257-Transcript.pdf,0,0,0
AKAM,2024-02-13,2023Q4,IT,2024-Feb-13-AKAM.OQ-139387227257-Transcript.pdf,0,0,0
AKAM,2024-05-09,2024Q1,IT,2024-May-09-AKAM.OQ-140155669840-Transcript.pdf,0,0,0
AKAM,2024-05-09,2024Q1,IT,2024-May-09-AKAM.OQ-140155669840-Transcript.pdf,0,0,0
AKAM,2024-08-08,2024Q2,IT,2024-Aug-08-AKAM.OQ-138854415693-Transcript.pdf,0,0,0
AKAM,2024-08-08,2024Q2,IT,2024-Aug-08-AKAM.OQ-138854415693-Transcript.pdf,0,0,0
AKAM,2024-11-07,2024Q3,IT,2024-Nov-07-AKAM.OQ-140162768400-Transcript.pdf,0,0,0
AKAM,2024-11-07,2024Q3,IT,2024-Nov-07-AKAM.OQ-140162768400-Transcript.pdf,0,0,0
ALLE,2024-02-20,2023Q4,IT,2024-Feb-20-ALLE.N-137323719629-Transcript.pdf,0,0,0
ALLE,2024-04-25,2024Q1,IT,2024-Apr-25-ALLE.N-138816456406-Transcript.pdf,0,0,0
ALLE,2024-07-24,2024Q2,IT,2024-Jul-24-ALLE.N-140187859202-Transcript.pdf,0,0,0
ALLE,2024-10-24,2024Q3,IT,2024-Oct-24-ALLE.N-138273065438-Transcript.pdf,0,0,0
AMAT,2024-02-15,2023Q4,IT,2024-Feb-15-AMAT.OQ-139823179908-Transcript.pdf,0,0,0
AMAT,2024-05-16,2024Q1,IT,2024-May-16-AMAT.OQ-139813281836-Transcript.pdf,0,0,0
AMAT,2024-08-15,2024Q2,IT,2024-Aug-15-AMAT.OQ-139836901393-Transcript.pdf,0,0,0
AMAT,2024-11-14,2024Q3,IT,2024-Nov-14-AMAT.OQ-138123555743-Transcript.pdf,0,0,0
AMD,2024-01-30,2023Q4,IT,2024-Jan-30-AMD.OQ-139952477291-Transcript.pdf,0,0,0
AMD,2024-04-30,2024Q1,IT,2024-Apr-30-AMD.OQ-137329743282-Transcript.pdf,0,0,0
AMD,2024-07-30,2024Q2,IT,2024-Jul-30-AMD.OQ-137650238657-Transcript.pdf,0,0,0
AMD,2024-10-29,2024Q3,IT,2024-Oct-29-AMD.OQ-137934438135-Transcript.pdf,0,0,0
ANET,2024-02-12,2023Q4,IT,2024-Feb-12-ANET.N-137008508981-Transcript.pdf,0,0,0
ANET,2024-05-07,2024Q1,IT,2024-May-07-ANET.N-137252939213-Transcript.pdf,0,0,0
ANET,2024-07-30,2024Q2,IT,2024-Jul-30-ANET.N-138904081035-Transcript.pdf,0,0,0
ANET,2024-11-07,2024Q3,IT,2024-Nov-07-ANET.N-139530463304-Transcript.pdf,0,0,0
APH,2024-01-24,2023Q4,IT,2024-Jan-24-APH.N-138008797398-Transcript.pdf,0,0,0
APH,2024-04-24,2024Q1,IT,2024-Apr-24-APH.N-137517609642-Transcript.pdf,0,0,0
APH,2024-07-24,2024Q2,IT,2024-Jul-24-APH.N-138798572336-Transcript.pdf,0,0,0
APH,2024-10-23,2024Q3,IT,2024-Oct-23-APH.N-141008366142-Transcript.pdf,0,0,0
APP,2024-02-14,2023Q4,IT,2024-Feb-14-APP.OQ-141126489643-Transcript.pdf,0,0,0
APP,2024-02-14,2023Q4,IT,2024-Feb-14-APP.OQ-141126489643-Transcript.pdf,0,0,0
APP,2024-05-08,2024Q1,IT,2024-May-08-APP.OQ-137772714819-Transcript.pdf,0,0,0
APP,2024-05-08,2024Q1,IT,2024-May-08-APP.OQ-137772714819-Transcript.pdf,0,0,0
APP,2024-08-07,2024Q2,IT,2024-Aug-07-APP.OQ-140064387946-Transcript.pdf,0,0,0
APP,2024-08-07,2024Q2,IT,2024-Aug-07-APP.OQ-140064387946-Transcript.pdf,0,0,0
APP,2024-11-06,2024Q3,IT,2024-Nov-06-APP.OQ-139113040907-Transcript.pdf,0,0,0
APP,2024-11-06,2024Q3,IT,2024-Nov-06-APP.OQ-139113040907-Transcript.pdf,0,0,0
AVGO,2024-03-07,2023Q4,IT,2024-Mar-07-AVGO.OQ-138348951022-Transcript.pdf,0,0,0
AVGO,2024-06-12,2024Q1,IT,2024-Jun-12-AVGO.OQ-139765022687-Transcript.pdf,0,0,0
AVGO,2024-09-05,2024Q2,IT,2024-Sep-05-AVGO.OQ-139578024178-Transcript.pdf,0,0,0
AVGO,2024-12-12,2024Q3,IT,2024-Dec-12-AVGO.OQ-139123730753-Transcript.pdf,0,0,0
CDNS,2024-02-12,2023Q4,IT,2024-Feb-12-CDNS.OQ-140997177833-Transcript.pdf,0,0,0
CDNS,2024-02-12,2023Q4,IT,2024-Feb-12-CDNS.OQ-140997177833-Transcript.pdf,0,0,0
CDNS,2024-04-22,2024Q1,IT,2024-Apr-22-CDNS.OQ-139330384983-Transcript.pdf,0,0,0
CDNS,2024-04-22,2024Q1,IT,2024-Apr-22-CDNS.OQ-139330384983-Transcript.pdf,0,0,0
CDNS,2024-07-22,2024Q2,IT,2024-Jul-22-CDNS.OQ-137365469825-Transcript.pdf,0,0,0
CDNS,2024-07-22,2024Q2,IT,2024-Jul-22-CDNS.OQ-137365469825-Transcript.pdf,0,0,0
CDNS,2024-10-28,2024Q3,IT,2024-Oct-28-CDNS.OQ-139664301582-Transcript.pdf,0,0,0
CDNS,2024-10-28,2024Q3,IT,2024-Oct-28-CDNS.OQ-139664301582-Transcript.pdf,0,0,0
CDW,2024-02-07,2023Q4,IT,2024-Feb-07-CDW.OQ-140811096818-Transcript.pdf,0,0,0
CDW,2024-05-01,2024Q1,IT,2024-May-01-CDW.OQ-140854303984-Transcript.pdf,0,0,0
CDW,2024-07-31,2024Q2,IT,2024-Jul-31-CDW.OQ-138311428959-Transcript.pdf,0,0,0
CDW,2024-10-30,2024Q3,IT,2024-Oct-30-CDW.OQ-139772865457-Transcript.pdf,0,0,0
CHTR,2024-02-02,2023Q4,IT,2024-Feb-02-CHTR.OQ-140316311004-Transcript.pdf,0,0,0
CHTR,2024-04-26,2024Q1,IT,2024-Apr-26-CHTR.OQ-139397230939-Transcript.pdf,0,0,0
CHTR,2024-07-26,2024Q2,IT,2024-Jul-26-CHTR.OQ-137344132435-Transcript.pdf,0,0,0
CHTR,2024-11-01,2024Q3,IT,2024-Nov-01-CHTR.OQ-139782036744-Transcript.pdf,0,0,0
CIEN,2024-03-07,2023Q4,IT,2024-Mar-07-CIEN.N-137710664521-Transcript.pdf,0,0,0
CIEN,2024-06-06,2024Q1,IT,2024-Jun-06-CIEN.N-140826883988-Transcript.pdf,0,0,0
CIEN,2024-09-04,2024Q2,IT,2024-Sep-04-CIEN.N-140978258433-Transcript.pdf,0,0,0
CIEN,2024-12-12,2024Q3,IT,2024-Dec-12-CIEN.N-138108866431-Transcript.pdf,0,0,0
CMCSA,2024-01-25,2023Q4,IT,2024-Jan-25-CMCSA.OQ-139438128035-Transcript.pdf,0,0,0
CMCSA,2024-04-25,2024Q1,IT,2024-Apr-25-CMCSA.OQ-138828217735-Transcript.pdf,0,0,0
CMCSA,2024-07-23,2024Q2,IT,2024-Jul-23-CMCSA.OQ-136981325443-Transcript.pdf,0,0,0
CMCSA,2024-10-31,2024Q3,IT,2024-Oct-31-CMCSA.OQ-137679138730-Transcript.pdf,0,0,0
COHR,2024-02-06,2023Q4,IT,2024-Feb-06-COHR.N-137490629588-Transcript.pdf,0,0,0
COHR,2024-05-07,2024Q1,IT,2024-May-07-COHR.N-137541263883-Transcript.pdf,0,0,0
COHR,2024-08-15,2024Q2,IT,2024-Aug-15-COHR.N-138942382916-Transcript.pdf,0,0,0
COHR,2024-11-06,2024Q3,IT,2024-Nov-06-COHR.N-138541874077-Transcript.pdf,0,0,0
COIN,2024-02-15,2023Q4,IT,2024-Feb-15-COIN.OQ-137297850687-Transcript.pdf,0,0,0
COIN,2024-05-02,2024Q1,IT,2024-May-02-COIN.OQ-140429553309-Transcript.pdf,0,0,0
COIN,2024-08-01,2024Q2,IT,2024-Aug-01-COIN.OQ-141119281257-Transcript.pdf,0,0,0
COIN,2024-10-30,2024Q3,IT,2024-Oct-30-COIN.OQ-139650186687-Transcript.pdf,0,0,0
CPRT,2024-02-22,2023Q4,IT,2024-Feb-22-CPRT.OQ-137741606235-Transcript.pdf,0,0,0
CPRT,2024-02-22,2023Q4,IT,2024-Feb-22-CPRT.OQ-137741606235-Transcript.pdf,0,0,0
CPRT,2024-05-16,2024Q1,IT,2024-May-16-CPRT.OQ-138061025897-Transcript.pdf,0,0,0
CPRT,2024-05-16,2024Q1,IT,2024-May-16-CPRT.OQ-138061025897-Transcript.pdf,0,0,0
CPRT,2024-09-04,2024Q2,IT,2024-Sep-04-CPRT.OQ-139626949664-Transcript.pdf,0,0,0
CPRT,2024-09-04,2024Q2,IT,2024-Sep-04-CPRT.OQ-139626949664-Transcript.pdf,0,0,0
CPRT,2024-11-21,2024Q3,IT,2024-Nov-21-CPRT.OQ-138222162961-Transcript.pdf,0,0,0
CPRT,2024-11-21,2024Q3,IT,2024-Nov-21-CPRT.OQ-138222162961-Transcript.pdf,0,0,0
CRM,2024-02-28,2023Q4,IT,2024-Feb-28-CRM.N-139808544678-Transcript.pdf,0,0,0
CRM,2024-02-28,2023Q4,IT,2024-Feb-28-CRM.N-139808544678-Transcript.pdf,0,0,0
CRM,2024-05-29,2024Q1,IT,2024-May-29-CRM.N-137185156036-Transcript.pdf,0,0,0
CRM,2024-05-29,2024Q1,IT,2024-May-29-CRM.N-137185156036-Transcript.pdf,0,0,0
CRM,2024-08-28,2024Q2,IT,2024-Aug-28-CRM.N-138676516817-Transcript.pdf,0,0,0
CRM,2024-08-28,2024Q2,IT,2024-Aug-28-CRM.N-138676516817-Transcript.pdf,0,0,0
CRM,2024-12-03,2024Q3,IT,2024-Dec-03-CRM.N-140007659228-Transcript.pdf,0,0,0
CRM,2024-12-03,2024Q3,IT,2024-Dec-03-CRM.N-140007659228-Transcript.pdf,0,0,0
CRWD,2024-03-05,2023Q4,IT,2024-Mar-05-CRWD.OQ-138010798571-Transcript.pdf,0,0,0
CRWD,2024-03-05,2023Q4,IT,2024-Mar-05-CRWD.OQ-138010798571-Transcript.pdf,0,0,0
CRWD,2024-06-04,2024Q1,IT,2024-Jun-04-CRWD.OQ-140422710369-Transcript.pdf,0,0,0
CRWD,2024-06-04,2024Q1,IT,2024-Jun-04-CRWD.OQ-140422710369-Transcript.pdf,0,0,0
CRWD,2024-08-28,2024Q2,IT,2024-Aug-28-CRWD.OQ-139842048092-Transcript.pdf,0,0,0
CRWD,2024-08-28,2024Q2,IT,2024-Aug-28-CRWD.OQ-139842048092-Transcript.pdf,0,0,0
CRWD,2024-11-26,2024Q3,IT,2024-Nov-26-CRWD.OQ-140309820010-Transcript.pdf,0,0,0
CRWD,2024-11-26,2024Q3,IT,2024-Nov-26-CRWD.OQ-140309820010-Transcript.pdf,0,0,0
CSCO,2024-02-14,2023Q4,IT,2024-Feb-14-CSCO.OQ-137246374003-Transcript.pdf,0,0,0
CSCO,2024-05-15,2024Q1,IT,2024-May-15-CSCO.OQ-139914165652-Transcript.pdf,0,0,0
CSCO,2024-08-14,2024Q2,IT,2024-Aug-14-CSCO.OQ-140123853691-Transcript.pdf,0,0,0
CSCO,2024-11-13,2024Q3,IT,2024-Nov-13-CSCO.OQ-140762020474-Transcript.pdf,0,0,0
CSGP,2024-02-20,2023Q4,IT,2024-Feb-20-CSGP.OQ-137685540171-Transcript.pdf,0,0,0
CSGP,2024-02-20,2023Q4,IT,2024-Feb-20-CSGP.OQ-137685540171-Transcript.pdf,0,0,0
CSGP,2024-04-23,2024Q1,IT,2024-Apr-23-CSGP.OQ-137045947061-Transcript.pdf,0,0,0
CSGP,2024-04-23,2024Q1,IT,2024-Apr-23-CSGP.OQ-137045947061-Transcript.pdf,0,0,0
CSGP,2024-07-23,2024Q2,IT,2024-Jul-23-CSGP.OQ-138283779978-Transcript.pdf,0,0,0
CSGP,2024-07-23,2024Q2,IT,2024-Jul-23-CSGP.OQ-138283779978-Transcript.pdf,0,0,0
CSGP,2024-10-22,2024Q3,IT,2024-Oct-22-CSGP.OQ-140167520558-Transcript.pdf,0,0,0
CSGP,2024-10-22,2024Q3,IT,2024-Oct-22-CSGP.OQ-140167520558-Transcript.pdf,0,0,0
CTSH,2024-02-06,2023Q4,IT,2024-Feb-06-CTSH.OQ-140390701709-Transcript.pdf,0,0,0
CTSH,2024-02-06,2023Q4,IT,2024-Feb-06-CTSH.OQ-140390701709-Transcript.pdf,0,0,0
CTSH,2024-05-01,2024Q1,IT,2024-May-01-CTSH.OQ-139759639141-Transcript.pdf,0,0,0
CTSH,2024-05-01,2024Q1,IT,2024-May-01-CTSH.OQ-139759639141-Transcript.pdf,0,0,0
CTSH,2024-07-31,2024Q2,IT,2024-Jul-31-CTSH.OQ-137604534723-Transcript.pdf,0,0,0
CTSH,2024-07-31,2024Q2,IT,2024-Jul-31-CTSH.OQ-137604534723-Transcript.pdf,0,0,0
CTSH,2024-10-30,2024Q3,IT,2024-Oct-30-CTSH.OQ-140717582860-Transcript.pdf,0,0,0
CTSH,2024-10-30,2024Q3,IT,2024-Oct-30-CTSH.OQ-140717582860-Transcript.pdf,0,0,0
DASH,2024-02-15,2023Q4,IT,2024-Feb-15-DASH.OQ-139391597661-Transcript.pdf,0,0,0
DASH,2024-02-15,2023Q4,IT,2024-Feb-15-DASH.OQ-139391597661-Transcript.pdf,0,0,0
DASH,2024-05-01,2024Q1,IT,2024-May-01-DASH.OQ-140368894131-Transcript.pdf,0,0,0
DASH,2024-05-01,2024Q1,IT,2024-May-01-DASH.OQ-140368894131-Transcript.pdf,0,0,0
DASH,2024-08-01,2024Q2,IT,2024-Aug-01-DASH.OQ-138407644735-Transcript.pdf,0,0,0
DASH,2024-08-01,2024Q2,IT,2024-Aug-01-DASH.OQ-138407644735-Transcript.pdf,0,0,0
DASH,2024-10-30,2024Q3,IT,2024-Oct-30-DASH.OQ-141043726560-Transcript.pdf,0,0,0
DASH,2024-10-30,2024Q3,IT,2024-Oct-30-DASH.OQ-141043726560-Transcript.pdf,0,0,0
DD,2024-02-06,2023Q4,IT,2024-Feb-06-DD.N-139671440953-Transcript.pdf,0,0,0
DD,2024-05-01,2024Q1,IT,2024-May-01-DD.N-138398346900-Transcript.pdf,0,0,0
DD,2024-07-31,2024Q2,IT,2024-Jul-31-DD.N-138613163736-Transcript.pdf,0,0,0
DD,2024-11-05,2024Q3,IT,2024-Nov-05-DD.N-137502628468-Transcript.pdf,0,0,0
DDOG,2024-02-13,2023Q4,IT,2024-Feb-13-DDOG.OQ-137589725343-Transcript.pdf,0,0,0
DDOG,2024-02-13,2023Q4,IT,2024-Feb-13-DDOG.OQ-137589725343-Transcript.pdf,0,0,0
DDOG,2024-05-07,2024Q1,IT,2024-May-07-DDOG.OQ-140488920673-Transcript.pdf,0,0,0
DDOG,2024-05-07,2024Q1,IT,2024-May-07-DDOG.OQ-140488920673-Transcript.pdf,0,0,0
DDOG,2024-08-08,2024Q2,IT,2024-Aug-08-DDOG.OQ-138546331195-Transcript.pdf,0,0,0
DDOG,2024-08-08,2024Q2,IT,2024-Aug-08-DDOG.OQ-138546331195-Transcript.pdf,0,0,0
DDOG,2024-11-07,2024Q3,IT,2024-Nov-07-DDOG.OQ-140195744218-Transcript.pdf,0,0,0
DDOG,2024-11-07,2024Q3,IT,2024-Nov-07-DDOG.OQ-140195744218-Transcript.pdf,0,0,0
DELL,2024-02-29,2023Q4,IT,2024-Feb-29-DELL.N-137224301006-Transcript.pdf,0,0,0
DELL,2024-05-30,2024Q1,IT,2024-May-30-DELL.N-139776262565-Transcript.pdf,0,0,0
DELL,2024-08-29,2024Q2,IT,2024-Aug-29-DELL.N-139642320142-Transcript.pdf,0,0,0
DELL,2024-11-26,2024Q3,IT,2024-Nov-26-DELL.N-138997227006-Transcript.pdf,0,0,0
EA,2024-01-30,2023Q4,IT,2024-Jan-30-EA.OQ-140752026889-Transcript.pdf,0,0,0
EA,2024-01-30,2023Q4,IT,2024-Jan-30-EA.OQ-140752026889-Transcript.pdf,0,0,0
EA,2024-05-07,2024Q1,IT,2024-May-07-EA.OQ-138271872716-Transcript.pdf,0,0,0
EA,2024-05-07,2024Q1,IT,2024-May-07-EA.OQ-138271872716-Transcript.pdf,0,0,0
EA,2024-07-30,2024Q2,IT,2024-Jul-30-EA.OQ-140995107050-Transcript.pdf,0,0,0
EA,2024-07-30,2024Q2,IT,2024-Jul-30-EA.OQ-140995107050-Transcript.pdf,0,0,0
EA,2024-10-29,2024Q3,IT,2024-Oct-29-EA.OQ-137452240724-Transcript.pdf,0,0,0
EA,2024-10-29,2024Q3,IT,2024-Oct-29-EA.OQ-137452240724-Transcript.pdf,0,0,0
EBAY,2024-02-27,2023Q4,IT,2024-Feb-27-EBAY.OQ-137133524589-Transcript.pdf,0,0,0
EBAY,2024-02-27,2023Q4,IT,2024-Feb-27-EBAY.OQ-137133524589-Transcript.pdf,0,0,0
EBAY,2024-05-01,2024Q1,IT,2024-May-01-EBAY.OQ-140497820839-Transcript.pdf,0,0,0
EBAY,2024-05-01,2024Q1,IT,2024-May-01-EBAY.OQ-140497820839-Transcript.pdf,0,0,0
EBAY,2024-07-31,2024Q2,IT,2024-Jul-31-EBAY.OQ-137187402358-Transcript.pdf,0,0,0
EBAY,2024-07-31,2024Q2,IT,2024-Jul-31-EBAY.OQ-137187402358-Transcript.pdf,0,0,0
EBAY,2024-10-30,2024Q3,IT,2024-Oct-30-EBAY.OQ-137238273634-Transcript.pdf,0,0,0
EBAY,2024-10-30,2024Q3,IT,2024-Oct-30-EBAY.OQ-137238273634-Transcript.pdf,0,0,0
EPAM,2024-02-15,2023Q4,IT,2024-Feb-15-EPAM.N-138260408125-Transcript.pdf,0,0,0
EPAM,2024-02-15,2023Q4,IT,2024-Feb-15-EPAM.N-138260408125-Transcript.pdf,0,0,0
EPAM,2024-05-09,2024Q1,IT,2024-May-09-EPAM.N-139806759222-Transcript.pdf,0,0,0
EPAM,2024-05-09,2024Q1,IT,2024-May-09-EPAM.N-139806759222-Transcript.pdf,0,0,0
EPAM,2024-08-08,2024Q2,IT,2024-Aug-08-EPAM.N-138160576046-Transcript.pdf,0,0,0
EPAM,2024-08-08,2024Q2,IT,2024-Aug-08-EPAM.N-138160576046-Transcript.pdf,0,0,0
EPAM,2024-11-07,2024Q3,IT,2024-Nov-07-EPAM.N-141168317766-Transcript.pdf,0,0,0
EPAM,2024-11-07,2024Q3,IT,2024-Nov-07-EPAM.N-141168317766-Transcript.pdf,0,0,0
FFIV,2024-01-29,2023Q4,IT,2024-Jan-29-FFIV.OQ-139944160210-Transcript.pdf,0,0,0
FFIV,2024-01-29,2023Q4,IT,2024-Jan-29-FFIV.OQ-139944160210-Transcript.pdf,0,0,0
FFIV,2024-04-29,2024Q1,IT,2024-Apr-29-FFIV.OQ-138471046767-Transcript.pdf,0,0,0
FFIV,2024-04-29,2024Q1,IT,2024-Apr-29-FFIV.OQ-138471046767-Transcript.pdf,0,0,0
FFIV,2024-07-29,2024Q2,IT,2024-Jul-29-FFIV.OQ-140215051936-Transcript.pdf,0,0,0
FFIV,2024-07-29,2024Q2,IT,2024-Jul-29-FFIV.OQ-140215051936-Transcript.pdf,0,0,0
FFIV,2024-10-28,2024Q3,IT,2024-Oct-28-FFIV.OQ-139540367723-Transcript.pdf,0,0,0
FFIV,2024-10-28,2024Q3,IT,2024-Oct-28-FFIV.OQ-139540367723-Transcript.pdf,0,0,0
FICO,2024-01-25,2023Q4,IT,2024-Jan-25-FICO.N-137267539684-Transcript.pdf,0,0,0
FICO,2024-01-25,2023Q4,IT,2024-Jan-25-FICO.N-137267539684-Transcript.pdf,0,0,0
FICO,2024-04-25,2024Q1,IT,2024-Apr-25-FICO.N-139787614508-Transcript.pdf,0,0,0
FICO,2024-04-25,2024Q1,IT,2024-Apr-25-FICO.N-139787614508-Transcript.pdf,0,0,0
FICO,2024-07-31,2024Q2,IT,2024-Jul-31-FICO.N-137902813976-Transcript.pdf,0,0,0
FICO,2024-07-31,2024Q2,IT,2024-Jul-31-FICO.N-137902813976-Transcript.pdf,0,0,0
FICO,2024-11-06,2024Q3,IT,2024-Nov-06-FICO.N-139587838711-Transcript.pdf,0,0,0
FICO,2024-11-06,2024Q3,IT,2024-Nov-06-FICO.N-139587838711-Transcript.pdf,0,0,0
FIS,2024-02-26,2023Q4,IT,2024-Feb-26-FIS.N-138705783961-Transcript.pdf,0,0,0
FIS,2024-05-06,2024Q1,IT,2024-May-06-FIS.N-137051039303-Transcript.pdf,0,0,0
FIS,2024-08-06,2024Q2,IT,2024-Aug-06-FIS.N-139248198515-Transcript.pdf,0,0,0
FIS,2024-11-04,2024Q3,IT,2024-Nov-04-FIS.N-138455321117-Transcript.pdf,0,0,0
FTNT,2024-02-06,2023Q4,IT,2024-Feb-06-FTNT.OQ-137278803696-Transcript.pdf,0,0,0
FTNT,2024-02-06,2023Q4,IT,2024-Feb-06-FTNT.OQ-137278803696-Transcript.pdf,0,0,0
FTNT,2024-05-02,2024Q1,IT,2024-May-02-FTNT.OQ-140196166502-Transcript.pdf,0,0,0
FTNT,2024-05-02,2024Q1,IT,2024-May-02-FTNT.OQ-140196166502-Transcript.pdf,0,0,0
FTNT,2024-08-06,2024Q2,IT,2024-Aug-06-FTNT.OQ-140026448315-Transcript.pdf,0,0,0
FTNT,2024-08-06,2024Q2,IT,2024-Aug-06-FTNT.OQ-140026448315-Transcript.pdf,0,0,0
FTNT,2024-11-07,2024Q3,IT,2024-Nov-07-FTNT.OQ-140407360443-Transcript.pdf,0,0,0
FTNT,2024-11-07,2024Q3,IT,2024-Nov-07-FTNT.OQ-140407360443-Transcript.pdf,0,0,0
GDDY,2024-02-13,2023Q4,IT,2024-Feb-13-GDDY.N-137905874280-Transcript.pdf,0,0,0
GDDY,2024-02-13,2023Q4,IT,2024-Feb-13-GDDY.N-137905874280-Transcript.pdf,0,0,0
GDDY,2024-05-02,2024Q1,IT,2024-May-02-GDDY.N-137382091186-Transcript.pdf,0,0,0
GDDY,2024-05-02,2024Q1,IT,2024-May-02-GDDY.N-137382091186-Transcript.pdf,0,0,0
GDDY,2024-08-01,2024Q2,IT,2024-Aug-01-GDDY.N-138880496930-Transcript.pdf,0,0,0
GDDY,2024-08-01,2024Q2,IT,2024-Aug-01-GDDY.N-138880496930-Transcript.pdf,0,0,0
GDDY,2024-10-30,2024Q3,IT,2024-Oct-30-GDDY.N-138508582701-Transcript.pdf,0,0,0
GDDY,2024-10-30,2024Q3,IT,2024-Oct-30-GDDY.N-138508582701-Transcript.pdf,0,0,0
GEN,2024-02-01,2023Q4,IT,2024-Feb-01-GEN.OQ-139511658874-Transcript.pdf,0,0,0
GEN,2024-02-01,2023Q4,IT,2024-Feb-01-GEN.OQ-139511658874-Transcript.pdf,0,0,0
GEN,2024-05-09,2024Q1,IT,2024-May-09-GEN.OQ-139372065012-Transcript.pdf,0,0,0
GEN,2024-05-09,2024Q1,IT,2024-May-09-GEN.OQ-139372065012-Transcript.pdf,0,0,0
GEN,2024-08-01,2024Q2,IT,2024-Aug-01-GEN.OQ-140666158939-Transcript.pdf,0,0,0
GEN,2024-08-01,2024Q2,IT,2024-Aug-01-GEN.OQ-140666158939-Transcript.pdf,0,0,0
GEN,2024-10-30,2024Q3,IT,2024-Oct-30-GEN.OQ-140660175863-Transcript.pdf,0,0,0
GEN,2024-10-30,2024Q3,IT,2024-Oct-30-GEN.OQ-140660175863-Transcript.pdf,0,0,0
GLW,2024-01-30,2023Q4,IT,2024-Jan-30-GLW.N-139919641728-Transcript.pdf,0,0,0
GLW,2024-04-30,2024Q1,IT,2024-Apr-30-GLW.N-138505362617-Transcript.pdf,0,0,0
GLW,2024-07-30,2024Q2,IT,2024-Jul-30-GLW.N-140179346366-Transcript.pdf,0,0,0
GLW,2024-10-29,2024Q3,IT,2024-Oct-29-GLW.N-139995029998-Transcript.pdf,0,0,0
GOOGL,2024-01-30,2023Q4,IT,2024-Jan-30-GOOGL.OQ-137240585407-Transcript.pdf,0,0,0
GOOGL,2024-01-30,2023Q4,IT,2024-Jan-30-GOOGL.OQ-137240585407-Transcript.pdf,0,0,0
GOOGL,2024-04-25,2024Q1,IT,2024-Apr-25-GOOGL.OQ-140275030701-Transcript.pdf,0,0,0
GOOGL,2024-04-25,2024Q1,IT,2024-Apr-25-GOOGL.OQ-140275030701-Transcript.pdf,0,0,0
GOOGL,2024-07-23,2024Q2,IT,2024-Jul-23-GOOGL.OQ-138522976138-Transcript.pdf,0,0,0
GOOGL,2024-07-23,2024Q2,IT,2024-Jul-23-GOOGL.OQ-138522976138-Transcript.pdf,0,0,0
GOOGL,2024-10-29,2024Q3,IT,2024-Oct-29-GOOGL.OQ-138685722887-Transcript.pdf,0,0,0
GOOGL,2024-10-29,2024Q3,IT,2024-Oct-29-GOOGL.OQ-138685722887-Transcript.pdf,0,0,0
GRMN,2024-02-21,2023Q4,IT,2024-Feb-21-GRMN.N-138268116987-Transcript.pdf,0,0,0
GRMN,2024-05-01,2024Q1,IT,2024-May-01-GRMN.N-140068201523-Transcript.pdf,0,0,0
GRMN,2024-07-31,2024Q2,IT,2024-Jul-31-GRMN.N-140785285447-Transcript.pdf,0,0,0
GRMN,2024-10-30,2024Q3,IT,2024-Oct-30-GRMN.N-139844267050-Transcript.pdf,0,0,0
HOOD,2024-02-13,2023Q4,IT,2024-Feb-13-HOOD.OQ-137642092712-Transcript.pdf,0,0,0
HOOD,2024-05-08,2024Q1,IT,2024-May-08-HOOD.OQ-138995526701-Transcript.pdf,0,0,0
HOOD,2024-08-07,2024Q2,IT,2024-Aug-07-HOOD.OQ-140182351124-Transcript.pdf,0,0,0
HOOD,2024-10-30,2024Q3,IT,2024-Oct-30-HOOD.OQ-141014554970-Transcript.pdf,0,0,0
HPE,2024-02-29,2023Q4,IT,2024-Feb-29-HPE.N-138345906087-Transcript.pdf,0,0,0
HPE,2024-06-04,2024Q1,IT,2024-Jun-04-HPE.N-140107806346-Transcript.pdf,0,0,0
HPE,2024-09-04,2024Q2,IT,2024-Sep-04-HPE.N-139151729776-Transcript.pdf,0,0,0
HPE,2024-12-05,2024Q3,IT,2024-Dec-05-HPE.N-138790039746-Transcript.pdf,0,0,0
HPQ,2024-02-28,2023Q4,IT,2024-Feb-28-HPQ.N-137280729550-Transcript.pdf,0,0,0
HPQ,2024-05-29,2024Q1,IT,2024-May-29-HPQ.N-137874057036-Transcript.pdf,0,0,0
HPQ,2024-08-28,2024Q2,IT,2024-Aug-28-HPQ.N-141082730417-Transcript.pdf,0,0,0
HPQ,2024-11-26,2024Q3,IT,2024-Nov-26-HPQ.N-138975441928-Transcript.pdf,0,0,0
IBM,2024-01-24,2023Q4,IT,2024-Jan-24-IBM.N-137617041559-Transcript.pdf,0,0,0
IBM,2024-01-24,2023Q4,IT,2024-Jan-24-IBM.N-137617041559-Transcript.pdf,0,0,0
IBM,2024-04-24,2024Q1,IT,2024-Apr-24-IBM.N-139149870104-Transcript.pdf,0,0,0
IBM,2024-04-24,2024Q1,IT,2024-Apr-24-IBM.N-139149870104-Transcript.pdf,0,0,0
IBM,2024-07-24,2024Q2,IT,2024-Jul-24-IBM.N-137023454296-Transcript.pdf,0,0,0
IBM,2024-07-24,2024Q2,IT,2024-Jul-24-IBM.N-137023454296-Transcript.pdf,0,0,0
IBM,2024-10-23,2024Q3,IT,2024-Oct-23-IBM.N-138468441734-Transcript.pdf,0,0,0
IBM,2024-10-23,2024Q3,IT,2024-Oct-23-IBM.N-138468441734-Transcript.pdf,0,0,0
INTC,2024-01-25,2023Q4,IT,2024-Jan-25-INTC.OQ-137621117410-Transcript.pdf,0,0,0
INTC,2024-04-25,2024Q1,IT,2024-Apr-25-INTC.OQ-137029366402-Transcript.pdf,0,0,0
INTC,2024-08-01,2024Q2,IT,2024-Aug-01-INTC.OQ-138725750051-Transcript.pdf,0,0,0
INTC,2024-10-31,2024Q3,IT,2024-Oct-31-INTC.OQ-140629540037-Transcript.pdf,0,0,0
INTU,2024-02-22,2023Q4,IT,2024-Feb-22-INTU.OQ-137730380538-Transcript.pdf,0,0,0
INTU,2024-05-23,2024Q1,IT,2024-May-23-INTU.OQ-139096807932-Transcript.pdf,0,0,0
INTU,2024-08-22,2024Q2,IT,2024-Aug-22-INTU.OQ-138532035329-Transcript.pdf,0,0,0
INTU,2024-11-21,2024Q3,IT,2024-Nov-21-INTU.OQ-138155862566-Transcript.pdf,0,0,0
IT,2024-02-06,2023Q4,IT,2024-Feb-06-IT.N-139457955358-Transcript.pdf,0,0,0
IT,2024-02-06,2023Q4,IT,2024-Feb-06-IT.N-139457955358-Transcript.pdf,0,0,0
IT,2024-04-30,2024Q1,IT,2024-Apr-30-IT.N-140036174333-Transcript.pdf,0,0,0
IT,2024-04-30,2024Q1,IT,2024-Apr-30-IT.N-140036174333-Transcript.pdf,0,0,0
IT,2024-07-30,2024Q2,IT,2024-Jul-30-IT.N-137633670023-Transcript.pdf,0,0,0
IT,2024-07-30,2024Q2,IT,2024-Jul-30-IT.N-137633670023-Transcript.pdf,0,0,0
IT,2024-11-05,2024Q3,IT,2024-Nov-05-IT.N-137009935675-Transcript.pdf,0,0,0
IT,2024-11-05,2024Q3,IT,2024-Nov-05-IT.N-137009935675-Transcript.pdf,0,0,0
JBL,2024-03-15,2023Q4,IT,2024-Mar-15-JBL.N-137978238930-Transcript.pdf,0,0,0
JBL,2024-06-20,2024Q1,IT,2024-Jun-20-JBL.N-137425699303-Transcript.pdf,0,0,0
JBL,2024-09-26,2024Q2,IT,2024-Sep-26-JBL.N-139943751319-Transcript.pdf,0,0,0
JBL,2024-12-18,2024Q3,IT,2024-Dec-18-JBL.N-139483494863-Transcript.pdf,0,0,0
JKHY,2024-02-07,2023Q4,IT,2024-Feb-07-JKHY.OQ-139521353233-Transcript.pdf,0,0,0
JKHY,2024-02-07,2023Q4,IT,2024-Feb-07-JKHY.OQ-139521353233-Transcript.pdf,0,0,0
JKHY,2024-05-08,2024Q1,IT,2024-May-08-JKHY.OQ-138970340061-Transcript.pdf,0,0,0
JKHY,2024-05-08,2024Q1,IT,2024-May-08-JKHY.OQ-138970340061-Transcript.pdf,0,0,0
JKHY,2024-08-21,2024Q2,IT,2024-Aug-21-JKHY.OQ-139304972656-Transcript.pdf,0,0,0
JKHY,2024-08-21,2024Q2,IT,2024-Aug-21-JKHY.OQ-139304972656-Transcript.pdf,0,0,0
JKHY,2024-11-06,2024Q3,IT,2024-Nov-06-JKHY.OQ-139084891230-Transcript.pdf,0,0,0
JKHY,2024-11-06,2024Q3,IT,2024-Nov-06-JKHY.OQ-139084891230-Transcript.pdf,0,0,0
KEYS,2024-02-20,2023Q4,IT,2024-Feb-20-KEYS.N-138278474557-Transcript.pdf,0,0,0
KEYS,2024-05-20,2024Q1,IT,2024-May-20-KEYS.N-138623638212-Transcript.pdf,0,0,0
KEYS,2024-08-20,2024Q2,IT,2024-Aug-20-KEYS.N-139886507934-Transcript.pdf,0,0,0
KEYS,2024-11-19,2024Q3,IT,2024-Nov-19-KEYS.N-138209042515-Transcript.pdf,0,0,0
KLAC,2024-01-25,2023Q4,IT,2024-Jan-25-KLAC.OQ-137120156274-Transcript.pdf,0,0,0
KLAC,2024-04-25,2024Q1,IT,2024-Apr-25-KLAC.OQ-140538374618-Transcript.pdf,0,0,0
KLAC,2024-07-24,2024Q2,IT,2024-Jul-24-KLAC.OQ-140925645841-Transcript.pdf,0,0,0
KLAC,2024-10-30,2024Q3,IT,2024-Oct-30-KLAC.OQ-141170609046-Transcript.pdf,0,0,0
LDOS,2024-02-13,2023Q4,IT,2024-Feb-13-LDOS.N-137966640675-Transcript.pdf,0,0,0
LDOS,2024-02-13,2023Q4,IT,2024-Feb-13-LDOS.N-137966640675-Transcript.pdf,0,0,0
LDOS,2024-04-30,2024Q1,IT,2024-Apr-30-LDOS.N-138847780894-Transcript.pdf,0,0,0
LDOS,2024-04-30,2024Q1,IT,2024-Apr-30-LDOS.N-138847780894-Transcript.pdf,0,0,0
LDOS,2024-07-30,2024Q2,IT,2024-Jul-30-LDOS.N-138685816866-Transcript.pdf,0,0,0
LDOS,2024-07-30,2024Q2,IT,2024-Jul-30-LDOS.N-138685816866-Transcript.pdf,0,0,0
LDOS,2024-10-29,2024Q3,IT,2024-Oct-29-LDOS.N-138770057243-Transcript.pdf,0,0,0
LDOS,2024-10-29,2024Q3,IT,2024-Oct-29-LDOS.N-138770057243-Transcript.pdf,0,0,0
LITE,2024-02-08,2023Q4,IT,2024-Feb-08-LITE.OQ-137812475795-Transcript.pdf,0,0,0
LITE,2024-05-06,2024Q1,IT,2024-May-06-LITE.OQ-140441465468-Transcript.pdf,0,0,0
LITE,2024-08-14,2024Q2,IT,2024-Aug-14-LITE.OQ-139756299609-Transcript.pdf,0,0,0
LITE,2024-11-07,2024Q3,IT,2024-Nov-07-LITE.OQ-140553437343-Transcript.pdf,0,0,0
LRCX,2024-01-24,2023Q4,IT,2024-Jan-24-LRCX.OQ-137450793587-Transcript.pdf,0,0,0
LRCX,2024-04-24,2024Q1,IT,2024-Apr-24-LRCX.OQ-138322208846-Transcript.pdf,0,0,0
LRCX,2024-07-31,2024Q2,IT,2024-Jul-31-LRCX.OQ-141101225741-Transcript.pdf,0,0,0
LRCX,2024-10-23,2024Q3,IT,2024-Oct-23-LRCX.OQ-138258732543-Transcript.pdf,0,0,0
MA,2024-01-31,2023Q4,IT,2024-Jan-31-MA.N-138163343523-Transcript.pdf,0,0,0
MA,2024-01-31,2023Q4,IT,2024-Jan-31-MA.N-138163343523-Transcript.pdf,0,0,0
MA,2024-05-01,2024Q1,IT,2024-May-01-MA.N-136915606557-Transcript.pdf,0,0,0
MA,2024-05-01,2024Q1,IT,2024-May-01-MA.N-136915606557-Transcript.pdf,0,0,0
MA,2024-07-31,2024Q2,IT,2024-Jul-31-MA.N-137045610062-Transcript.pdf,0,0,0
MA,2024-07-31,2024Q2,IT,2024-Jul-31-MA.N-137045610062-Transcript.pdf,0,0,0
MA,2024-10-31,2024Q3,IT,2024-Oct-31-MA.N-139607250411-Transcript.pdf,0,0,0
MA,2024-10-31,2024Q3,IT,2024-Oct-31-MA.N-139607250411-Transcript.pdf,0,0,0
MCHP,2024-02-01,2023Q4,IT,2024-Feb-01-MCHP.OQ-137218772013-Transcript.pdf,0,0,0
MCHP,2024-05-06,2024Q1,IT,2024-May-06-MCHP.OQ-138887368105-Transcript.pdf,0,0,0
MCHP,2024-08-01,2024Q2,IT,2024-Aug-01-MCHP.OQ-136953553020-Transcript.pdf,0,0,0
MCHP,2024-11-05,2024Q3,IT,2024-Nov-05-MCHP.OQ-137958729153-Transcript.pdf,0,0,0
META,2024-02-01,2023Q4,IT,2024-Feb-01-META.OQ-139277091161-Transcript.pdf,0,0,0
META,2024-02-01,2023Q4,IT,2024-Feb-01-META.OQ-139277091161-Transcript.pdf,0,0,0
META,2024-04-24,2024Q1,IT,2024-Apr-24-META.OQ-139919930949-Transcript.pdf,0,0,0
META,2024-04-24,2024Q1,IT,2024-Apr-24-META.OQ-139919930949-Transcript.pdf,0,0,0
META,2024-07-31,2024Q2,IT,2024-Jul-31-META.OQ-140016361526-Transcript.pdf,0,0,0
META,2024-07-31,2024Q2,IT,2024-Jul-31-META.OQ-140016361526-Transcript.pdf,0,0,0
META,2024-10-30,2024Q3,IT,2024-Oct-30-META.OQ-138431724945-Transcript.pdf,0,0,0
META,2024-10-30,2024Q3,IT,2024-Oct-30-META.OQ-138431724945-Transcript.pdf,0,0,0
MPWR,2024-02-07,2023Q4,IT,2024-Feb-07-MPWR.OQ-140528557327-Transcript.pdf,0,0,0
MPWR,2024-05-01,2024Q1,IT,2024-May-01-MPWR.OQ-137188294000-Transcript.pdf,0,0,0
MPWR,2024-08-01,2024Q2,IT,2024-Aug-01-MPWR.OQ-138487524407-Transcript.pdf,0,0,0
MPWR,2024-10-30,2024Q3,IT,2024-Oct-30-MPWR.OQ-141176038412-Transcript.pdf,0,0,0
MSFT,2024-01-30,2023Q4,IT,2024-Jan-30-MSFT.OQ-139756114312-Transcript.pdf,0,0,0
MSFT,2024-01-30,2023Q4,IT,2024-Jan-30-MSFT.OQ-139756114312-Transcript.pdf,0,0,0
MSFT,2024-04-25,2024Q1,IT,2024-Apr-25-MSFT.OQ-140045891799-Transcript.pdf,0,0,0
MSFT,2024-04-25,2024Q1,IT,2024-Apr-25-MSFT.OQ-140045891799-Transcript.pdf,0,0,0
MSFT,2024-07-30,2024Q2,IT,2024-Jul-30-MSFT.OQ-141078020593-Transcript.pdf,0,0,0
MSFT,2024-07-30,2024Q2,IT,2024-Jul-30-MSFT.OQ-141078020593-Transcript.pdf,0,0,0
MSFT,2024-10-30,2024Q3,IT,2024-Oct-30-MSFT.OQ-140385605447-Transcript.pdf,0,0,0
MSFT,2024-10-30,2024Q3,IT,2024-Oct-30-MSFT.OQ-140385605447-Transcript.pdf,0,0,0
MSI,2024-02-08,2023Q4,IT,2024-Feb-08-MSI.N-140058027442-Transcript.pdf,0,0,0
MSI,2024-05-02,2024Q1,IT,2024-May-02-MSI.N-137499828877-Transcript.pdf,0,0,0
MSI,2024-08-01,2024Q2,IT,2024-Aug-01-MSI.N-139833171066-Transcript.pdf,0,0,0
MSI,2024-11-07,2024Q3,IT,2024-Nov-07-MSI.N-138851938386-Transcript.pdf,0,0,0
MTD,2024-02-09,2023Q4,IT,2024-Feb-09-MTD.N-138166119463-Transcript.pdf,0,0,0
MTD,2024-05-10,2024Q1,IT,2024-May-10-MTD.N-140214915515-Transcript.pdf,0,0,0
MTD,2024-08-02,2024Q2,IT,2024-Aug-02-MTD.N-136990859692-Transcript.pdf,0,0,0
MTD,2024-11-08,2024Q3,IT,2024-Nov-08-MTD.N-140100031398-Transcript.pdf,0,0,0
MU,2024-03-20,2023Q4,IT,2024-Mar-20-MU.OQ-138426096083-Transcript.pdf,0,0,0
MU,2024-03-20,2023Q4,IT,2024-Mar-20-MU.OQ-138712678892-Transcript.pdf,0,0,0
MU,2024-06-26,2024Q1,IT,2024-Jun-26-MU.OQ-137235072364-Transcript.pdf,0,0,0
MU,2024-06-26,2024Q1,IT,2024-Jun-26-MU.OQ-138490588457-Transcript.pdf,0,0,0
MU,2024-09-25,2024Q2,IT,2024-Sep-25-MU.OQ-139388588511-Transcript.pdf,0,0,0
MU,2024-12-18,2024Q3,IT,2024-Dec-18-MU.OQ-140250176786-Transcript.pdf,0,0,0
NFLX,2024-01-23,2023Q4,IT,2024-Jan-23-NFLX.OQ-141075256453-Transcript.pdf,0,0,0
NFLX,2024-01-23,2023Q4,IT,2024-Jan-23-NFLX.OQ-141075256453-Transcript.pdf,0,0,0
NFLX,2024-04-18,2024Q1,IT,2024-Apr-18-NFLX.OQ-139991652470-Transcript.pdf,0,0,0
NFLX,2024-04-18,2024Q1,IT,2024-Apr-18-NFLX.OQ-139991652470-Transcript.pdf,0,0,0
NFLX,2024-07-18,2024Q2,IT,2024-Jul-18-NFLX.OQ-140928017630-Transcript.pdf,0,0,0
NFLX,2024-07-18,2024Q2,IT,2024-Jul-18-NFLX.OQ-140928017630-Transcript.pdf,0,0,0
NFLX,2024-10-17,2024Q3,IT,2024-Oct-17-NFLX.OQ-137413872093-Transcript.pdf,0,0,0
NFLX,2024-10-17,2024Q3,IT,2024-Oct-17-NFLX.OQ-137413872093-Transcript.pdf,0,0,0
NOW,2024-01-24,2023Q4,IT,2024-Jan-24-NOW.N-138856647578-Transcript.pdf,0,0,0
NOW,2024-01-24,2023Q4,IT,2024-Jan-24-NOW.N-138856647578-Transcript.pdf,0,0,0
NOW,2024-04-24,2024Q1,IT,2024-Apr-24-NOW.N-137418670992-Transcript.pdf,0,0,0
NOW,2024-04-24,2024Q1,IT,2024-Apr-24-NOW.N-137418670992-Transcript.pdf,0,0,0
NOW,2024-07-24,2024Q2,IT,2024-Jul-24-NOW.N-137574999793-Transcript.pdf,0,0,0
NOW,2024-07-24,2024Q2,IT,2024-Jul-24-NOW.N-137574999793-Transcript.pdf,0,0,0
NOW,2024-10-23,2024Q3,IT,2024-Oct-23-NOW.N-137070188184-Transcript.pdf,0,0,0
NOW,2024-10-23,2024Q3,IT,2024-Oct-23-NOW.N-137070188184-Transcript.pdf,0,0,0
NTAP,2024-02-29,2023Q4,IT,2024-Feb-29-NTAP.OQ-137550605564-Transcript.pdf,0,0,0
NTAP,2024-05-30,2024Q1,IT,2024-May-30-NTAP.OQ-141177018840-Transcript.pdf,0,0,0
NTAP,2024-08-28,2024Q2,IT,2024-Aug-28-NTAP.OQ-139866947469-Transcript.pdf,0,0,0
NTAP,2024-11-21,2024Q3,IT,2024-Nov-21-NTAP.OQ-138822522737-Transcript.pdf,0,0,0
NVDA,2024-02-21,2023Q4,IT,2024-Feb-21-NVDA.OQ-137669438300-Transcript.pdf,0,0,0
NVDA,2024-05-22,2024Q1,IT,2024-May-22-NVDA.OQ-140400422251-Transcript.pdf,0,0,0
NVDA,2024-08-28,2024Q2,IT,2024-Aug-28-NVDA.OQ-138873658777-Transcript.pdf,0,0,0
NVDA,2024-11-20,2024Q3,IT,2024-Nov-20-NVDA.OQ-137048444858-Transcript.pdf,0,0,0
NXPI,2024-02-06,2023Q4,IT,2024-Feb-06-NXPI.OQ-140462855437-Transcript.pdf,0,0,0
NXPI,2024-04-30,2024Q1,IT,2024-Apr-30-NXPI.OQ-137434286937-Transcript.pdf,0,0,0
NXPI,2024-07-23,2024Q2,IT,2024-Jul-23-NXPI.OQ-138686176260-Transcript.pdf,0,0,0
NXPI,2024-11-05,2024Q3,IT,2024-Nov-05-NXPI.OQ-137331886447-Transcript.pdf,0,0,0
ON,2024-02-05,2023Q4,IT,2024-Feb-05-ON.OQ-138657795958-Transcript.pdf,0,0,0
ON,2024-04-29,2024Q1,IT,2024-Apr-29-ON.OQ-140256266919-Transcript.pdf,0,0,0
ON,2024-07-29,2024Q2,IT,2024-Jul-29-ON.OQ-139157837560-Transcript.pdf,0,0,0
ON,2024-10-28,2024Q3,IT,2024-Oct-28-ON.OQ-140509878400-Transcript.pdf,0,0,0
ORCL,2024-03-11,2023Q4,IT,2024-Mar-11-ORCL.N-137323804975-Transcript.pdf,0,0,0
ORCL,2024-03-11,2023Q4,IT,2024-Mar-11-ORCL.N-137323804975-Transcript.pdf,0,0,0
ORCL,2024-06-11,2024Q1,IT,2024-Jun-11-ORCL.N-137650330312-Transcript.pdf,0,0,0
ORCL,2024-06-11,2024Q1,IT,2024-Jun-11-ORCL.N-137650330312-Transcript.pdf,0,0,0
ORCL,2024-09-09,2024Q2,IT,2024-Sep-09-ORCL.N-138285737992-Transcript.pdf,0,0,0
ORCL,2024-09-09,2024Q2,IT,2024-Sep-09-ORCL.N-138285737992-Transcript.pdf,0,0,0
ORCL,2024-12-09,2024Q3,IT,2024-Dec-09-ORCL.N-138654588279-Transcript.pdf,0,0,0
ORCL,2024-12-09,2024Q3,IT,2024-Dec-09-ORCL.N-138654588279-Transcript.pdf,0,0,0
PANW,2024-02-20,2023Q4,IT,2024-Feb-20-PANW.OQ-137404802066-Transcript.pdf,0,0,0
PANW,2024-02-20,2023Q4,IT,2024-Feb-20-PANW.OQ-137404802066-Transcript.pdf,0,0,0
PANW,2024-05-20,2024Q1,IT,2024-May-20-PANW.OQ-137672413075-Transcript.pdf,0,0,0
PANW,2024-05-20,2024Q1,IT,2024-May-20-PANW.OQ-137672413075-Transcript.pdf,0,0,0
PANW,2024-08-19,2024Q2,IT,2024-Aug-19-PANW.OQ-140692927831-Transcript.pdf,0,0,0
PANW,2024-08-19,2024Q2,IT,2024-Aug-19-PANW.OQ-140692927831-Transcript.pdf,0,0,0
PANW,2024-11-20,2024Q3,IT,2024-Nov-20-PANW.OQ-139935810833-Transcript.pdf,0,0,0
PANW,2024-11-20,2024Q3,IT,2024-Nov-20-PANW.OQ-139935810833-Transcript.pdf,0,0,0
PLTR,2024-02-05,2023Q4,IT,2024-Feb-05-PLTR.OQ-141046995968-Transcript.pdf,0,0,0
PLTR,2024-02-05,2023Q4,IT,2024-Feb-05-PLTR.OQ-141046995968-Transcript.pdf,0,0,0
PLTR,2024-05-06,2024Q1,IT,2024-May-06-PLTR.OQ-139672121746-Transcript.pdf,0,0,0
PLTR,2024-05-06,2024Q1,IT,2024-May-06-PLTR.OQ-139672121746-Transcript.pdf,0,0,0
PLTR,2024-08-05,2024Q2,IT,2024-Aug-05-PLTR.OQ-139900840618-Transcript.pdf,0,0,0
PLTR,2024-08-05,2024Q2,IT,2024-Aug-05-PLTR.OQ-139900840618-Transcript.pdf,0,0,0
PLTR,2024-11-04,2024Q3,IT,2024-Nov-04-PLTR.OQ-140892351300-Transcript.pdf,0,0,0
PLTR,2024-11-04,2024Q3,IT,2024-Nov-04-PLTR.OQ-140892351300-Transcript.pdf,0,0,0
PTC,2024-01-31,2023Q4,IT,2024-Jan-31-PTC.OQ-141145378940-Transcript.pdf,0,0,0
PTC,2024-01-31,2023Q4,IT,2024-Jan-31-PTC.OQ-141145378940-Transcript.pdf,0,0,0
PTC,2024-05-01,2024Q1,IT,2024-May-01-PTC.OQ-139037642645-Transcript.pdf,0,0,0
PTC,2024-05-01,2024Q1,IT,2024-May-01-PTC.OQ-139037642645-Transcript.pdf,0,0,0
PTC,2024-07-31,2024Q2,IT,2024-Jul-31-PTC.OQ-139161006459-Transcript.pdf,0,0,0
PTC,2024-07-31,2024Q2,IT,2024-Jul-31-PTC.OQ-139161006459-Transcript.pdf,0,0,0
PTC,2024-11-06,2024Q3,IT,2024-Nov-06-PTC.OQ-139774942831-Transcript.pdf,0,0,0
PTC,2024-11-06,2024Q3,IT,2024-Nov-06-PTC.OQ-139774942831-Transcript.pdf,0,0,0
QCOM,2024-01-31,2023Q4,IT,2024-Jan-31-QCOM.OQ-137403304130-Transcript.pdf,0,0,0
QCOM,2024-05-01,2024Q1,IT,2024-May-01-QCOM.OQ-137865991279-Transcript.pdf,0,0,0
QCOM,2024-07-31,2024Q2,IT,2024-Jul-31-QCOM.OQ-137378511815-Transcript.pdf,0,0,0
QCOM,2024-11-06,2024Q3,IT,2024-Nov-06-QCOM.OQ-139757534712-Transcript.pdf,0,0,0
ROP,2024-01-31,2023Q4,IT,2024-Jan-31-ROP.OQ-138564862635-Transcript.pdf,0,0,0
ROP,2024-01-31,2023Q4,IT,2024-Jan-31-ROP.OQ-138564862635-Transcript.pdf,0,0,0
ROP,2024-04-26,2024Q1,IT,2024-Apr-26-ROP.OQ-139580891279-Transcript.pdf,0,0,0
ROP,2024-04-26,2024Q1,IT,2024-Apr-26-ROP.OQ-139580891279-Transcript.pdf,0,0,0
ROP,2024-07-24,2024Q2,IT,2024-Jul-24-ROP.OQ-138771001220-Transcript.pdf,0,0,0
ROP,2024-07-24,2024Q2,IT,2024-Jul-24-ROP.OQ-138771001220-Transcript.pdf,0,0,0
ROP,2024-10-23,2024Q3,IT,2024-Oct-23-ROP.OQ-140718411596-Transcript.pdf,0,0,0
ROP,2024-10-23,2024Q3,IT,2024-Oct-23-ROP.OQ-140718411596-Transcript.pdf,0,0,0
SATS,2024-03-01,2023Q4,IT,2024-Mar-01-SATS.OQ-140243374105-Transcript.pdf,0,0,0
SATS,2024-05-08,2024Q1,IT,2024-May-08-SATS.OQ-140665408593-Transcript.pdf,0,0,0
SATS,2024-08-09,2024Q2,IT,2024-Aug-09-SATS.OQ-138909913523-Transcript.pdf,0,0,0
SATS,2024-11-12,2024Q3,IT,2024-Nov-12-SATS.OQ-137428456346-Transcript.pdf,0,0,0
SMCI,2024-01-29,2023Q4,IT,2024-Jan-29-SMCI.OQ-137485707645-Transcript.pdf,0,0,0
SMCI,2024-04-30,2024Q1,IT,2024-Apr-30-SMCI.OQ-139151963318-Transcript.pdf,0,0,0
SMCI,2024-08-06,2024Q2,IT,2024-Aug-06-SMCI.OQ-138573789205-Transcript.pdf,0,0,0
SMCI,2024-11-05,2024Q3,IT,2024-Nov-05-SMCI.OQ-139649428075-Transcript.pdf,0,0,0
SNPS,2024-02-21,2023Q4,IT,2024-Feb-21-SNPS.OQ-138455182185-Transcript.pdf,0,0,0
SNPS,2024-02-21,2023Q4,IT,2024-Feb-21-SNPS.OQ-138455182185-Transcript.pdf,0,0,0
SNPS,2024-05-22,2024Q1,IT,2024-May-22-SNPS.OQ-137148233523-Transcript.pdf,0,0,0
SNPS,2024-05-22,2024Q1,IT,2024-May-22-SNPS.OQ-137148233523-Transcript.pdf,0,0,0
SNPS,2024-08-21,2024Q2,IT,2024-Aug-21-SNPS.OQ-139572387437-Transcript.pdf,0,0,0
SNPS,2024-08-21,2024Q2,IT,2024-Aug-21-SNPS.OQ-139572387437-Transcript.pdf,0,0,0
SNPS,2024-12-04,2024Q3,IT,2024-Dec-04-SNPS.OQ-137024711552-Transcript.pdf,0,0,0
SNPS,2024-12-04,2024Q3,IT,2024-Dec-04-SNPS.OQ-137024711552-Transcript.pdf,0,0,0
STX,2024-01-24,2023Q4,IT,2024-Jan-24-STX.OQ-139595346301-Transcript.pdf,0,0,0
STX,2024-04-23,2024Q1,IT,2024-Apr-23-STX.OQ-138185055314-Transcript.pdf,0,0,0
STX,2024-07-23,2024Q2,IT,2024-Jul-23-STX.OQ-139038749128-Transcript.pdf,0,0,0
STX,2024-10-22,2024Q3,IT,2024-Oct-22-STX.OQ-136913458458-Transcript.pdf,0,0,0
SWKS,2024-01-30,2023Q4,IT,2024-Jan-30-SWKS.OQ-140323791405-Transcript.pdf,0,0,0
SWKS,2024-04-30,2024Q1,IT,2024-Apr-30-SWKS.OQ-140925449523-Transcript.pdf,0,0,0
SWKS,2024-07-30,2024Q2,IT,2024-Jul-30-SWKS.OQ-140936166805-Transcript.pdf,0,0,0
SWKS,2024-11-12,2024Q3,IT,2024-Nov-12-SWKS.OQ-140473715653-Transcript.pdf,0,0,0
T,2024-01-24,2023Q4,IT,2024-Jan-24-T.N-139885001749-Transcript.pdf,0,0,0
T,2024-04-24,2024Q1,IT,2024-Apr-24-T.N-141073868171-Transcript.pdf,0,0,0
T,2024-07-24,2024Q2,IT,2024-Jul-24-T.N-140948588391-Transcript.pdf,0,0,0
T,2024-10-23,2024Q3,IT,2024-Oct-23-T.N-140772426567-Transcript.pdf,0,0,0
TDY,2024-01-24,2023Q4,IT,2024-Jan-24-TDY.N-137210931591-Transcript.pdf,0,0,0
TDY,2024-04-24,2024Q1,IT,2024-Apr-24-TDY.N-139791287285-Transcript.pdf,0,0,0
TDY,2024-07-24,2024Q2,IT,2024-Jul-24-TDY.N-137470553146-Transcript.pdf,0,0,0
TDY,2024-10-23,2024Q3,IT,2024-Oct-23-TDY.N-139060034238-Transcript.pdf,0,0,0
TEL,2024-01-24,2023Q4,IT,2024-Jan-24-TEL.N-138109987115-Transcript.pdf,0,0,0
TEL,2024-04-24,2024Q1,IT,2024-Apr-24-TEL.N-140079283497-Transcript.pdf,0,0,0
TEL,2024-07-24,2024Q2,IT,2024-Jul-24-TEL.N-140098401645-Transcript.pdf,0,0,0
TEL,2024-10-30,2024Q3,IT,2024-Oct-30-TEL.N-139760179264-Transcript.pdf,0,0,0
TER,2024-01-31,2023Q4,IT,2024-Jan-31-TER.OQ-137938881780-Transcript.pdf,0,0,0
TER,2024-04-25,2024Q1,IT,2024-Apr-25-TER.OQ-139387688125-Transcript.pdf,0,0,0
TER,2024-07-25,2024Q2,IT,2024-Jul-25-TER.OQ-137569469403-Transcript.pdf,0,0,0
TER,2024-10-24,2024Q3,IT,2024-Oct-24-TER.OQ-140201635847-Transcript.pdf,0,0,0
TMUS,2024-01-25,2023Q4,IT,2024-Jan-25-TMUS.OQ-140258269838-Transcript.pdf,0,0,0
TMUS,2024-04-25,2024Q1,IT,2024-Apr-25-TMUS.OQ-139789721886-Transcript.pdf,0,0,0
TMUS,2024-07-31,2024Q2,IT,2024-Jul-31-TMUS.OQ-140583405981-Transcript.pdf,0,0,0
TMUS,2024-10-23,2024Q3,IT,2024-Oct-23-TMUS.OQ-137540736795-Transcript.pdf,0,0,0
TRMB,2024-02-12,2023Q4,IT,2024-Feb-12-TRMB.OQ-139038711451-Transcript.pdf,0,0,0
TRMB,2024-02-12,2023Q4,IT,2024-Feb-12-TRMB.OQ-139038711451-Transcript.pdf,0,0,0
TRMB,2024-05-03,2024Q1,IT,2024-May-03-TRMB.OQ-138438784865-Transcript.pdf,0,0,0
TRMB,2024-05-03,2024Q1,IT,2024-May-03-TRMB.OQ-138438784865-Transcript.pdf,0,0,0
TRMB,2024-08-06,2024Q2,IT,2024-Aug-06-TRMB.OQ-137931401633-Transcript.pdf,0,0,0
TRMB,2024-08-06,2024Q2,IT,2024-Aug-06-TRMB.OQ-137931401633-Transcript.pdf,0,0,0
TRMB,2024-11-06,2024Q3,IT,2024-Nov-06-TRMB.OQ-139049018452-Transcript.pdf,0,0,0
TRMB,2024-11-06,2024Q3,IT,2024-Nov-06-TRMB.OQ-139049018452-Transcript.pdf,0,0,0
TTD,2024-02-15,2023Q4,IT,2024-Feb-15-TTD.OQ-141100590512-Transcript.pdf,0,0,0
TTD,2024-02-15,2023Q4,IT,2024-Feb-15-TTD.OQ-141100590512-Transcript.pdf,0,0,0
TTD,2024-05-08,2024Q1,IT,2024-May-08-TTD.OQ-137733983618-Transcript.pdf,0,0,0
TTD,2024-05-08,2024Q1,IT,2024-May-08-TTD.OQ-137733983618-Transcript.pdf,0,0,0
TTD,2024-08-08,2024Q2,IT,2024-Aug-08-TTD.OQ-136958932133-Transcript.pdf,0,0,0
TTD,2024-08-08,2024Q2,IT,2024-Aug-08-TTD.OQ-136958932133-Transcript.pdf,0,0,0
TTD,2024-11-07,2024Q3,IT,2024-Nov-07-TTD.OQ-141175273219-Transcript.pdf,0,0,0
TTD,2024-11-07,2024Q3,IT,2024-Nov-07-TTD.OQ-141175273219-Transcript.pdf,0,0,0
TTWO,2024-02-08,2023Q4,IT,2024-Feb-08-TTWO.OQ-138223303359-Transcript.pdf,0,0,0
TTWO,2024-02-08,2023Q4,IT,2024-Feb-08-TTWO.OQ-138223303359-Transcript.pdf,0,0,0
TTWO,2024-05-16,2024Q1,IT,2024-May-16-TTWO.OQ-139294184970-Transcript.pdf,0,0,0
TTWO,2024-05-16,2024Q1,IT,2024-May-16-TTWO.OQ-139294184970-Transcript.pdf,0,0,0
TTWO,2024-08-08,2024Q2,IT,2024-Aug-08-TTWO.OQ-140215777257-Transcript.pdf,0,0,0
TTWO,2024-08-08,2024Q2,IT,2024-Aug-08-TTWO.OQ-140215777257-Transcript.pdf,0,0,0
TTWO,2024-11-06,2024Q3,IT,2024-Nov-06-TTWO.OQ-138040365314-Transcript.pdf,0,0,0
TTWO,2024-11-06,2024Q3,IT,2024-Nov-06-TTWO.OQ-138040365314-Transcript.pdf,0,0,0
TXN,2024-01-23,2023Q4,IT,2024-Jan-23-TXN.OQ-138873073339-Transcript.pdf,0,0,0
TXN,2024-04-23,2024Q1,IT,2024-Apr-23-TXN.OQ-137430905492-Transcript.pdf,0,0,0
TXN,2024-07-23,2024Q2,IT,2024-Jul-23-TXN.OQ-137253219621-Transcript.pdf,0,0,0
TXN,2024-10-22,2024Q3,IT,2024-Oct-22-TXN.OQ-137149350956-Transcript.pdf,0,0,0
TYL,2024-02-15,2023Q4,IT,2024-Feb-15-TYL.N-140630102254-Transcript.pdf,0,0,0
TYL,2024-02-15,2023Q4,IT,2024-Feb-15-TYL.N-140630102254-Transcript.pdf,0,0,0
TYL,2024-04-25,2024Q1,IT,2024-Apr-25-TYL.N-137737759132-Transcript.pdf,0,0,0
TYL,2024-04-25,2024Q1,IT,2024-Apr-25-TYL.N-137737759132-Transcript.pdf,0,0,0
TYL,2024-07-25,2024Q2,IT,2024-Jul-25-TYL.N-139625804921-Transcript.pdf,0,0,0
TYL,2024-07-25,2024Q2,IT,2024-Jul-25-TYL.N-139625804921-Transcript.pdf,0,0,0
TYL,2024-10-24,2024Q3,IT,2024-Oct-24-TYL.N-140932793887-Transcript.pdf,0,0,0
TYL,2024-10-24,2024Q3,IT,2024-Oct-24-TYL.N-140932793887-Transcript.pdf,0,0,0
UBER,2024-02-07,2023Q4,IT,2024-Feb-07-UBER.N-140075799540-Transcript.pdf,0,0,0
UBER,2024-02-07,2023Q4,IT,2024-Feb-07-UBER.N-140075799540-Transcript.pdf,0,0,0
UBER,2024-05-08,2024Q1,IT,2024-May-08-UBER.N-138628099643-Transcript.pdf,0,0,0
UBER,2024-05-08,2024Q1,IT,2024-May-08-UBER.N-138628099643-Transcript.pdf,0,0,0
UBER,2024-08-06,2024Q2,IT,2024-Aug-06-UBER.N-140457606716-Transcript.pdf,0,0,0
UBER,2024-08-06,2024Q2,IT,2024-Aug-06-UBER.N-140457606716-Transcript.pdf,0,0,0
UBER,2024-10-31,2024Q3,IT,2024-Oct-31-UBER.N-139616315263-Transcript.pdf,0,0,0
UBER,2024-10-31,2024Q3,IT,2024-Oct-31-UBER.N-139616315263-Transcript.pdf,0,0,0
VRSK,2024-02-21,2023Q4,IT,2024-Feb-21-VRSK.OQ-139658786077-Transcript.pdf,0,0,0
VRSK,2024-02-21,2023Q4,IT,2024-Feb-21-VRSK.OQ-139658786077-Transcript.pdf,0,0,0
VRSK,2024-05-01,2024Q1,IT,2024-May-01-VRSK.OQ-139592562513-Transcript.pdf,0,0,0
VRSK,2024-05-01,2024Q1,IT,2024-May-01-VRSK.OQ-139592562513-Transcript.pdf,0,0,0
VRSK,2024-07-31,2024Q2,IT,2024-Jul-31-VRSK.OQ-140519956207-Transcript.pdf,0,0,0
VRSK,2024-07-31,2024Q2,IT,2024-Jul-31-VRSK.OQ-140519956207-Transcript.pdf,0,0,0
VRSK,2024-10-30,2024Q3,IT,2024-Oct-30-VRSK.OQ-137461355622-Transcript.pdf,0,0,0
VRSK,2024-10-30,2024Q3,IT,2024-Oct-30-VRSK.OQ-137461355622-Transcript.pdf,0,0,0
VRSN,2024-02-08,2023Q4,IT,2024-Feb-08-VRSN.OQ-137000581171-Transcript.pdf,0,0,0
VRSN,2024-02-08,2023Q4,IT,2024-Feb-08-VRSN.OQ-137000581171-Transcript.pdf,0,0,0
VRSN,2024-04-25,2024Q1,IT,2024-Apr-25-VRSN.OQ-140466801451-Transcript.pdf,0,0,0
VRSN,2024-04-25,2024Q1,IT,2024-Apr-25-VRSN.OQ-140466801451-Transcript.pdf,0,0,0
VRSN,2024-07-25,2024Q2,IT,2024-Jul-25-VRSN.OQ-137512347864-Transcript.pdf,0,0,0
VRSN,2024-07-25,2024Q2,IT,2024-Jul-25-VRSN.OQ-137512347864-Transcript.pdf,0,0,0
VRSN,2024-10-24,2024Q3,IT,2024-Oct-24-VRSN.OQ-139712958148-Transcript.pdf,0,0,0
VRSN,2024-10-24,2024Q3,IT,2024-Oct-24-VRSN.OQ-139712958148-Transcript.pdf,0,0,0
VZ,2024-01-23,2023Q4,IT,2024-Jan-23-VZ.N-139870233737-Transcript.pdf,0,0,0
VZ,2024-04-22,2024Q1,IT,2024-Apr-22-VZ.N-139851112375-Transcript.pdf,0,0,0
VZ,2024-07-22,2024Q2,IT,2024-Jul-22-VZ.N-136995561454-Transcript.pdf,0,0,0
VZ,2024-10-22,2024Q3,IT,2024-Oct-22-VZ.N-138054406511-Transcript.pdf,0,0,0
VZ,2024-10-22,2024Q3,IT,2024-Oct-22-VZ.N-139097795160-Transcript.pdf,0,0,0
WDAY,2024-02-26,2023Q4,IT,2024-Feb-26-WDAY.OQ-136977149046-Transcript.pdf,0,0,0
WDAY,2024-02-26,2023Q4,IT,2024-Feb-26-WDAY.OQ-136977149046-Transcript.pdf,0,0,0
WDAY,2024-05-23,2024Q1,IT,2024-May-23-WDAY.OQ-139965329403-Transcript.pdf,0,0,0
WDAY,2024-05-23,2024Q1,IT,2024-May-23-WDAY.OQ-139965329403-Transcript.pdf,0,0,0
WDAY,2024-08-22,2024Q2,IT,2024-Aug-22-WDAY.OQ-139627256819-Transcript.pdf,0,0,0
WDAY,2024-08-22,2024Q2,IT,2024-Aug-22-WDAY.OQ-139627256819-Transcript.pdf,0,0,0
WDAY,2024-11-26,2024Q3,IT,2024-Nov-26-WDAY.OQ-138318219832-Transcript.pdf,0,0,0
WDAY,2024-11-26,2024Q3,IT,2024-Nov-26-WDAY.OQ-138318219832-Transcript.pdf,0,0,0
WDC,2024-01-25,2023Q4,IT,2024-Jan-25-WDC.OQ-138490280013-Transcript.pdf,0,0,0
WDC,2024-04-25,2024Q1,IT,2024-Apr-25-WDC.OQ-140108208921-Transcript.pdf,0,0,0
WDC,2024-07-31,2024Q2,IT,2024-Jul-31-WDC.OQ-140714145062-Transcript.pdf,0,0,0
WDC,2024-10-24,2024Q3,IT,2024-Oct-24-WDC.OQ-137664557033-Transcript.pdf,0,0,0
ZBRA,2024-02-15,2023Q4,IT,2024-Feb-15-ZBRA.OQ-137649817962-Transcript.pdf,0,0,0
ZBRA,2024-04-30,2024Q1,IT,2024-Apr-30-ZBRA.OQ-140705951735-Transcript.pdf,0,0,0
ZBRA,2024-07-30,2024Q2,IT,2024-Jul-30-ZBRA.OQ-140291607863-Transcript.pdf,0,0,0
ZBRA,2024-10-29,2024Q3,IT,2024-Oct-29-ZBRA.OQ-140237611288-Transcript.pdf,0,0,0
AME,2024-02-06,2023Q4,Industrials,2024-Feb-06-AME.N-140413111261-Transcript.pdf,0,0,0
AME,2024-05-02,2024Q1,Industrials,2024-May-02-AME.N-138065824580-Transcript.pdf,0,0,0
AME,2024-08-01,2024Q2,Industrials,2024-Aug-01-AME.N-139138608391-Transcript.pdf,0,0,0
AME,2024-10-31,2024Q3,Industrials,2024-Oct-31-AME.N-139744050847-Transcript.pdf,0,0,0
AOS,2024-01-30,2023Q4,Industrials,2024-Jan-30-AOS.N-138351540169-Transcript.pdf,0,0,0
AOS,2024-04-25,2024Q1,Industrials,2024-Apr-25-AOS.N-138497494538-Transcript.pdf,0,0,0
AOS,2024-07-23,2024Q2,Industrials,2024-Jul-23-AOS.N-138569773901-Transcript.pdf,0,0,0
AOS,2024-10-22,2024Q3,Industrials,2024-Oct-22-AOS.N-137984710792-Transcript.pdf,0,0,0
AXON,2024-02-27,2023Q4,Industrials,2024-Feb-27-AXON.OQ-139834898428-Transcript.pdf,0,0,0
AXON,2024-05-06,2024Q1,Industrials,2024-May-06-AXON.OQ-137394191627-Transcript.pdf,0,0,0
AXON,2024-08-06,2024Q2,Industrials,2024-Aug-06-AXON.OQ-139224214671-Transcript.pdf,0,0,0
AXON,2024-11-07,2024Q3,Industrials,2024-Nov-07-AXON.OQ-139858237808-Transcript.pdf,0,0,0
BA,2024-01-31,2023Q4,Industrials,2024-Jan-31-BA.N-139853450629-Transcript.pdf,0,0,0
BA,2024-04-24,2024Q1,Industrials,2024-Apr-24-BA.N-141046447311-Transcript.pdf,0,0,0
BA,2024-07-31,2024Q2,Industrials,2024-Jul-31-BA.N-138396908779-Transcript.pdf,0,0,0
BA,2024-10-23,2024Q3,Industrials,2024-Oct-23-BA.N-137741320572-Transcript.pdf,0,0,0
BR,2024-02-01,2023Q4,Industrials,2024-Feb-01-BR.N-137945036971-Transcript.pdf,0,0,0
BR,2024-05-08,2024Q1,Industrials,2024-May-08-BR.N-137580550511-Transcript.pdf,0,0,0
BR,2024-08-06,2024Q2,Industrials,2024-Aug-06-BR.N-140315666021-Transcript.pdf,0,0,0
BR,2024-11-05,2024Q3,Industrials,2024-Nov-05-BR.N-139052579487-Transcript.pdf,0,0,0
CARR,2024-02-06,2023Q4,Industrials,2024-Feb-06-CARR.N-137648543113-Transcript.pdf,0,0,0
CARR,2024-04-25,2024Q1,Industrials,2024-Apr-25-CARR.N-140801430071-Transcript.pdf,0,0,0
CARR,2024-07-25,2024Q2,Industrials,2024-Jul-25-CARR.N-137275361180-Transcript.pdf,0,0,0
CARR,2024-10-24,2024Q3,Industrials,2024-Oct-24-CARR.N-140375422825-Transcript.pdf,0,0,0
CAT,2024-02-05,2023Q4,Industrials,2024-Feb-05-CAT.N-138847777192-Transcript.pdf,0,0,0
CAT,2024-04-25,2024Q1,Industrials,2024-Apr-25-CAT.N-138334965796-Transcript.pdf,0,0,0
CAT,2024-08-06,2024Q2,Industrials,2024-Aug-06-CAT.N-138163742630-Transcript.pdf,0,0,0
CAT,2024-10-30,2024Q3,Industrials,2024-Oct-30-CAT.N-140638771255-Transcript.pdf,0,0,0
CHRW,2024-01-31,2023Q4,Industrials,2024-Jan-31-CHRW.OQ-136905872036-Transcript.pdf,0,0,0
CHRW,2024-05-01,2024Q1,Industrials,2024-May-01-CHRW.OQ-138069506159-Transcript.pdf,0,0,0
CHRW,2024-07-31,2024Q2,Industrials,2024-Jul-31-CHRW.OQ-138510006821-Transcript.pdf,0,0,0
CHRW,2024-10-30,2024Q3,Industrials,2024-Oct-30-CHRW.OQ-140116452576-Transcript.pdf,0,0,0
CPAY,2024-02-07,2023Q4,Industrials,2024-Feb-07-CPAY.N-137891758249-Transcript.pdf,0,0,0
CPAY,2024-05-08,2024Q1,Industrials,2024-May-08-CPAY.N-138571983402-Transcript.pdf,0,0,0
CPAY,2024-08-07,2024Q2,Industrials,2024-Aug-07-CPAY.N-138394009294-Transcript.pdf,0,0,0
CPAY,2024-11-07,2024Q3,Industrials,2024-Nov-07-CPAY.N-140006708428-Transcript.pdf,0,0,0
CSX,2024-01-24,2023Q4,Industrials,2024-Jan-24-CSX.OQ-137459456813-Transcript.pdf,0,0,0
CSX,2024-04-17,2024Q1,Industrials,2024-Apr-17-CSX.OQ-138648609325-Transcript.pdf,0,0,0
CSX,2024-08-05,2024Q2,Industrials,2024-Aug-05-CSX.OQ-137182911802-Transcript.pdf,0,0,0
CSX,2024-10-16,2024Q3,Industrials,2024-Oct-16-CSX.OQ-137115030041-Transcript.pdf,0,0,0
CTAS,2024-03-27,2023Q4,Industrials,2024-Mar-27-CTAS.OQ-139828417276-Transcript.pdf,0,0,0
CTAS,2024-07-18,2024Q2,Industrials,2024-Jul-18-CTAS.OQ-137619390584-Transcript.pdf,0,0,0
CTAS,2024-09-25,2024Q2,Industrials,2024-Sep-25-CTAS.OQ-137369241375-Transcript.pdf,0,0,0
CTAS,2024-12-19,2024Q3,Industrials,2024-Dec-19-CTAS.OQ-139742420841-Transcript.pdf,0,0,0
DAL,2024-01-12,2023Q4,Industrials,2024-Jan-12-DAL.N-141089017859-Transcript.pdf,0,0,0
DAL,2024-04-10,2024Q1,Industrials,2024-Apr-10-DAL.N-136976738751-Transcript.pdf,0,0,0
DAL,2024-07-11,2024Q2,Industrials,2024-Jul-11-DAL.N-140766158160-Transcript.pdf,0,0,0
DAL,2024-10-10,2024Q3,Industrials,2024-Oct-10-DAL.N-138212989568-Transcript.pdf,0,0,0
DE,2024-02-15,2023Q4,Industrials,2024-Feb-15-DE.N-140315760695-Transcript.pdf,0,0,0
DE,2024-05-16,2024Q1,Industrials,2024-May-16-DE.N-139672763775-Transcript.pdf,0,0,0
DE,2024-08-15,2024Q2,Industrials,2024-Aug-15-DE.N-138152250362-Transcript.pdf,0,0,0
DE,2024-11-21,2024Q3,Industrials,2024-Nov-21-DE.N-139506943019-Transcript.pdf,0,0,0
DOV,2024-02-01,2023Q4,Industrials,2024-Feb-01-DOV.N-137215423383-Transcript.pdf,0,0,0
DOV,2024-04-25,2024Q1,Industrials,2024-Apr-25-DOV.N-138937002002-Transcript.pdf,0,0,0
DOV,2024-07-25,2024Q2,Industrials,2024-Jul-25-DOV.N-140524239585-Transcript.pdf,0,0,0
DOV,2024-10-24,2024Q3,Industrials,2024-Oct-24-DOV.N-138632968133-Transcript.pdf,0,0,0
EFX,2024-02-08,2023Q4,Industrials,2024-Feb-08-EFX.N-137210175965-Transcript.pdf,0,0,0
EFX,2024-04-18,2024Q1,Industrials,2024-Apr-18-EFX.N-137211571089-Transcript.pdf,0,0,0
EFX,2024-07-18,2024Q2,Industrials,2024-Jul-18-EFX.N-137023323082-Transcript.pdf,0,0,0
EFX,2024-10-17,2024Q3,Industrials,2024-Oct-17-EFX.N-140681057073-Transcript.pdf,0,0,0
EME,2024-02-28,2023Q4,Industrials,2024-Feb-28-EME.N-140637911474-Transcript.pdf,0,0,0
EME,2024-04-25,2024Q1,Industrials,2024-Apr-25-EME.N-139416618990-Transcript.pdf,0,0,0
EME,2024-07-25,2024Q2,Industrials,2024-Jul-25-EME.N-137114881795-Transcript.pdf,0,0,0
EME,2024-10-31,2024Q3,Industrials,2024-Oct-31-EME.N-140328685806-Transcript.pdf,0,0,0
EMR,2024-02-07,2023Q4,Industrials,2024-Feb-07-EMR.N-137092586903-Transcript.pdf,0,0,0
EMR,2024-05-08,2024Q1,Industrials,2024-May-08-EMR.N-141179924350-Transcript.pdf,0,0,0
EMR,2024-08-07,2024Q2,Industrials,2024-Aug-07-EMR.N-138734467701-Transcript.pdf,0,0,0
EMR,2024-11-05,2024Q3,Industrials,2024-Nov-05-EMR.N-137477284634-Transcript.pdf,0,0,0
ETN,2024-02-01,2023Q4,Industrials,2024-Feb-01-ETN.N-138266396461-Transcript.pdf,0,0,0
ETN,2024-04-30,2024Q1,Industrials,2024-Apr-30-ETN.N-138769561406-Transcript.pdf,0,0,0
ETN,2024-08-01,2024Q2,Industrials,2024-Aug-01-ETN.N-137435465420-Transcript.pdf,0,0,0
ETN,2024-10-31,2024Q3,Industrials,2024-Oct-31-ETN.N-140520297954-Transcript.pdf,0,0,0
FAST,2024-01-18,2023Q4,Industrials,2024-Jan-18-FAST.OQ-139369509450-Transcript.pdf,0,0,0
FAST,2024-04-11,2024Q1,Industrials,2024-Apr-11-FAST.OQ-139977088395-Transcript.pdf,0,0,0
FAST,2024-07-12,2024Q2,Industrials,2024-Jul-12-FAST.OQ-137217214106-Transcript.pdf,0,0,0
FAST,2024-10-11,2024Q3,Industrials,2024-Oct-11-FAST.OQ-137696777605-Transcript.pdf,0,0,0
FDS,2024-03-21,2023Q4,Industrials,2024-Mar-21-FDS.N-141066297139-Transcript.pdf,0,0,0
FDS,2024-06-21,2024Q1,Industrials,2024-Jun-21-FDS.N-139881421818-Transcript.pdf,0,0,0
FDS,2024-09-19,2024Q2,Industrials,2024-Sep-19-FDS.N-140229934974-Transcript.pdf,0,0,0
FDS,2024-12-19,2024Q3,Industrials,2024-Dec-19-FDS.N-137645241123-Transcript.pdf,0,0,0
FDX,2024-03-21,2023Q4,Industrials,2024-Mar-21-FDX.N-139573121282-Transcript.pdf,0,0,0
FDX,2024-06-25,2024Q1,Industrials,2024-Jun-25-FDX.N-137009745609-Transcript.pdf,0,0,0
FDX,2024-09-19,2024Q2,Industrials,2024-Sep-19-FDX.N-138939499142-Transcript.pdf,0,0,0
FDX,2024-12-19,2024Q3,Industrials,2024-Dec-19-FDX.N-137404804297-Transcript.pdf,0,0,0
FISV,2024-02-06,2023Q4,Industrials,2024-Feb-06-FISV.OQ-140344934921-Transcript.pdf,0,0,0
FISV,2024-04-23,2024Q1,Industrials,2024-Apr-23-FISV.OQ-140416977202-Transcript.pdf,0,0,0
FISV,2024-07-24,2024Q2,Industrials,2024-Jul-24-FISV.OQ-137817183948-Transcript.pdf,0,0,0
FISV,2024-10-22,2024Q3,Industrials,2024-Oct-22-FISV.OQ-141084072627-Transcript.pdf,0,0,0
FIX,2024-02-23,2023Q4,Industrials,2024-Feb-23-FIX.N-140391125134-Transcript.pdf,0,0,0
FIX,2024-04-26,2024Q1,Industrials,2024-Apr-26-FIX.N-138960610772-Transcript.pdf,0,0,0
FIX,2024-07-26,2024Q2,Industrials,2024-Jul-26-FIX.N-140515036390-Transcript.pdf,0,0,0
FIX,2024-10-25,2024Q3,Industrials,2024-Oct-25-FIX.N-139659640441-Transcript.pdf,0,0,0
FTV,2024-01-31,2023Q4,Industrials,2024-Jan-31-FTV.N-138477196020-Transcript.pdf,0,0,0
FTV,2024-04-24,2024Q1,Industrials,2024-Apr-24-FTV.N-141053619812-Transcript.pdf,0,0,0
FTV,2024-07-24,2024Q2,Industrials,2024-Jul-24-FTV.N-141047391293-Transcript.pdf,0,0,0
FTV,2024-10-30,2024Q3,Industrials,2024-Oct-30-FTV.N-137370548491-Transcript.pdf,0,0,0
GD,2024-01-24,2023Q4,Industrials,2024-Jan-24-GD.N-138775568693-Transcript.pdf,0,0,0
GD,2024-04-24,2024Q1,Industrials,2024-Apr-24-GD.N-139663766304-Transcript.pdf,0,0,0
GD,2024-07-24,2024Q2,Industrials,2024-Jul-24-GD.N-138427308714-Transcript.pdf,0,0,0
GD,2024-10-23,2024Q3,Industrials,2024-Oct-23-GD.N-138925773195-Transcript.pdf,0,0,0
GE,2024-01-23,2023Q4,Industrials,2024-Jan-23-GE.N-138897417773-Transcript.pdf,0,0,0
GE,2024-04-23,2024Q1,Industrials,2024-Apr-23-GE.N-138816074699-Transcript.pdf,0,0,0
GE,2024-07-23,2024Q2,Industrials,2024-Jul-23-GE.N-140926099766-Transcript.pdf,0,0,0
GE,2024-10-22,2024Q3,Industrials,2024-Oct-22-GE.N-137850471006-Transcript.pdf,0,0,0
GNRC,2024-02-14,2023Q4,Industrials,2024-Feb-14-GNRC.N-137783917882-Transcript.pdf,0,0,0
GNRC,2024-05-01,2024Q1,Industrials,2024-May-01-GNRC.N-139415527361-Transcript.pdf,0,0,0
GNRC,2024-07-31,2024Q2,Industrials,2024-Jul-31-GNRC.N-138272187559-Transcript.pdf,0,0,0
GNRC,2024-10-31,2024Q3,Industrials,2024-Oct-31-GNRC.N-138634348056-Transcript.pdf,0,0,0
GPN,2024-02-14,2023Q4,Industrials,2024-Feb-14-GPN.N-138677961199-Transcript.pdf,0,0,0
GPN,2024-05-01,2024Q1,Industrials,2024-May-01-GPN.N-137465829827-Transcript.pdf,0,0,0
GPN,2024-08-07,2024Q2,Industrials,2024-Aug-07-GPN.N-139606473268-Transcript.pdf,0,0,0
GPN,2024-10-30,2024Q3,Industrials,2024-Oct-30-GPN.N-137388769424-Transcript.pdf,0,0,0
GWW,2024-02-02,2023Q4,Industrials,2024-Feb-02-GWW.N-138279823674-Transcript.pdf,0,0,0
GWW,2024-04-25,2024Q1,Industrials,2024-Apr-25-GWW.N-138693088710-Transcript.pdf,0,0,0
GWW,2024-08-01,2024Q2,Industrials,2024-Aug-01-GWW.N-138084693094-Transcript.pdf,0,0,0
GWW,2024-10-31,2024Q3,Industrials,2024-Oct-31-GWW.N-138535878202-Transcript.pdf,0,0,0
HII,2024-02-01,2023Q4,Industrials,2024-Feb-01-HII.N-140531806282-Transcript.pdf,0,0,0
HII,2024-05-02,2024Q1,Industrials,2024-May-02-HII.N-140237380567-Transcript.pdf,0,0,0
HII,2024-08-01,2024Q2,Industrials,2024-Aug-01-HII.N-140239616855-Transcript.pdf,0,0,0
HII,2024-10-31,2024Q3,Industrials,2024-Oct-31-HII.N-138776208177-Transcript.pdf,0,0,0
HUBB,2024-01-30,2023Q4,Industrials,2024-Jan-30-HUBB.N-137338241272-Transcript.pdf,0,0,0
HUBB,2024-04-30,2024Q1,Industrials,2024-Apr-30-HUBB.N-140596355127-Transcript.pdf,0,0,0
HUBB,2024-07-30,2024Q2,Industrials,2024-Jul-30-HUBB.N-140702027922-Transcript.pdf,0,0,0
HUBB,2024-10-29,2024Q3,Industrials,2024-Oct-29-HUBB.N-138281793230-Transcript.pdf,0,0,0
HWM,2024-02-13,2023Q4,Industrials,2024-Feb-13-HWM.N-140535532297-Transcript.pdf,0,0,0
HWM,2024-05-02,2024Q1,Industrials,2024-May-02-HWM.N-141098293624-Transcript.pdf,0,0,0
HWM,2024-07-30,2024Q2,Industrials,2024-Jul-30-HWM.N-138300275663-Transcript.pdf,0,0,0
HWM,2024-11-06,2024Q3,Industrials,2024-Nov-06-HWM.N-139941884802-Transcript.pdf,0,0,0
IEX,2024-02-07,2023Q4,Industrials,2024-Feb-07-IEX.N-138172400823-Transcript.pdf,0,0,0
IEX,2024-04-24,2024Q1,Industrials,2024-Apr-24-IEX.N-137661964789-Transcript.pdf,0,0,0
IEX,2024-08-01,2024Q2,Industrials,2024-Aug-01-IEX.N-138094825689-Transcript.pdf,0,0,0
IEX,2024-10-30,2024Q3,Industrials,2024-Oct-30-IEX.N-140049121709-Transcript.pdf,0,0,0
IR,2024-02-16,2023Q4,Industrials,2024-Feb-16-IR.N-139798694261-Transcript.pdf,0,0,0
IR,2024-05-03,2024Q1,Industrials,2024-May-03-IR.N-141062054475-Transcript.pdf,0,0,0
IR,2024-08-01,2024Q2,Industrials,2024-Aug-01-IR.N-140658935437-Transcript.pdf,0,0,0
IR,2024-11-01,2024Q3,Industrials,2024-Nov-01-IR.N-140514435019-Transcript.pdf,0,0,0
J,2024-02-06,2023Q4,Industrials,2024-Feb-06-J.N-136946361337-Transcript.pdf,0,0,0
J,2024-05-07,2024Q1,Industrials,2024-May-07-J.N-139050379326-Transcript.pdf,0,0,0
J,2024-08-06,2024Q2,Industrials,2024-Aug-06-J.N-139266101858-Transcript.pdf,0,0,0
J,2024-11-19,2024Q3,Industrials,2024-Nov-19-J.N-137843141014-Transcript.pdf,0,0,0
JBHT,2024-01-18,2023Q4,Industrials,2024-Jan-18-JBHT.OQ-140412367088-Transcript.pdf,0,0,0
JBHT,2024-04-16,2024Q1,Industrials,2024-Apr-16-JBHT.OQ-140281576766-Transcript.pdf,0,0,0
JBHT,2024-07-16,2024Q2,Industrials,2024-Jul-16-JBHT.OQ-137797691767-Transcript.pdf,0,0,0
JBHT,2024-10-15,2024Q3,Industrials,2024-Oct-15-JBHT.OQ-137480745375-Transcript.pdf,0,0,0
JCI,2024-01-30,2023Q4,Industrials,2024-Jan-30-JCI.N-139428071281-Transcript.pdf,0,0,0
JCI,2024-05-01,2024Q1,Industrials,2024-May-01-JCI.N-137462889369-Transcript.pdf,0,0,0
JCI,2024-07-31,2024Q2,Industrials,2024-Jul-31-JCI.N-140030876892-Transcript.pdf,0,0,0
JCI,2024-11-06,2024Q3,Industrials,2024-Nov-06-JCI.N-139067043011-Transcript.pdf,0,0,0
LHX,2024-01-26,2023Q4,Industrials,2024-Jan-26-LHX.N-139065905872-Transcript.pdf,0,0,0
LHX,2024-04-26,2024Q1,Industrials,2024-Apr-26-LHX.N-139695981381-Transcript.pdf,0,0,0
LHX,2024-07-26,2024Q2,Industrials,2024-Jul-26-LHX.N-141107596611-Transcript.pdf,0,0,0
LHX,2024-10-25,2024Q3,Industrials,2024-Oct-25-LHX.N-140096368828-Transcript.pdf,0,0,0
LII,2024-01-31,2023Q4,Industrials,2024-Jan-31-LII.N-139244673342-Transcript.pdf,0,0,0
LII,2024-04-24,2024Q1,Industrials,2024-Apr-24-LII.N-140351008350-Transcript.pdf,0,0,0
LII,2024-07-24,2024Q2,Industrials,2024-Jul-24-LII.N-136908705869-Transcript.pdf,0,0,0
LII,2024-10-23,2024Q3,Industrials,2024-Oct-23-LII.N-138620302959-Transcript.pdf,0,0,0
LMT,2024-01-23,2023Q4,Industrials,2024-Jan-23-LMT.N-137578590867-Transcript.pdf,0,0,0
LMT,2024-04-23,2024Q1,Industrials,2024-Apr-23-LMT.N-140417466366-Transcript.pdf,0,0,0
LMT,2024-07-23,2024Q2,Industrials,2024-Jul-23-LMT.N-138464529343-Transcript.pdf,0,0,0
LMT,2024-10-22,2024Q3,Industrials,2024-Oct-22-LMT.N-138953525444-Transcript.pdf,0,0,0
LUV,2024-01-25,2023Q4,Industrials,2024-Jan-25-LUV.N-140180728636-Transcript.pdf,0,0,0
LUV,2024-04-25,2024Q1,Industrials,2024-Apr-25-LUV.N-139071938143-Transcript.pdf,0,0,0
LUV,2024-07-25,2024Q2,Industrials,2024-Jul-25-LUV.N-141161622517-Transcript.pdf,0,0,0
LUV,2024-10-24,2024Q3,Industrials,2024-Oct-24-LUV.N-140005952086-Transcript.pdf,0,0,0
MCO,2024-02-13,2023Q4,Industrials,2024-Feb-13-MCO.N-139331845497-Transcript.pdf,0,0,0
MCO,2024-05-02,2024Q1,Industrials,2024-May-02-MCO.N-137387053808-Transcript.pdf,0,0,0
MCO,2024-07-23,2024Q2,Industrials,2024-Jul-23-MCO.N-140526879264-Transcript.pdf,0,0,0
MCO,2024-10-22,2024Q3,Industrials,2024-Oct-22-MCO.N-138055940209-Transcript.pdf,0,0,0
MSCI,2024-01-30,2023Q4,Industrials,2024-Jan-30-MSCI.N-137529921191-Transcript.pdf,0,0,0
MSCI,2024-04-23,2024Q1,Industrials,2024-Apr-23-MSCI.N-139164951887-Transcript.pdf,0,0,0
MSCI,2024-07-23,2024Q2,Industrials,2024-Jul-23-MSCI.N-140165382412-Transcript.pdf,0,0,0
MSCI,2024-10-29,2024Q3,Industrials,2024-Oct-29-MSCI.N-139189587109-Transcript.pdf,0,0,0
NDSN,2024-02-22,2023Q4,Industrials,2024-Feb-22-NDSN.OQ-137969701169-Transcript.pdf,0,0,0
NDSN,2024-05-21,2024Q1,Industrials,2024-May-21-NDSN.OQ-139547761778-Transcript.pdf,0,0,0
NDSN,2024-08-22,2024Q2,Industrials,2024-Aug-22-NDSN.OQ-140017348082-Transcript.pdf,0,0,0
NDSN,2024-12-12,2024Q3,Industrials,2024-Dec-12-NDSN.OQ-140405608484-Transcript.pdf,0,0,0
NOC,2024-01-25,2023Q4,Industrials,2024-Jan-25-NOC.N-138600992104-Transcript.pdf,0,0,0
NOC,2024-04-25,2024Q1,Industrials,2024-Apr-25-NOC.N-138647503409-Transcript.pdf,0,0,0
NOC,2024-07-25,2024Q2,Industrials,2024-Jul-25-NOC.N-137175917798-Transcript.pdf,0,0,0
NOC,2024-10-24,2024Q3,Industrials,2024-Oct-24-NOC.N-140484238710-Transcript.pdf,0,0,0
NSC,2024-01-26,2023Q4,Industrials,2024-Jan-26-NSC.N-138155757601-Transcript.pdf,0,0,0
NSC,2024-04-24,2024Q1,Industrials,2024-Apr-24-NSC.N-139583188017-Transcript.pdf,0,0,0
NSC,2024-07-25,2024Q2,Industrials,2024-Jul-25-NSC.N-139900594792-Transcript.pdf,0,0,0
NSC,2024-10-22,2024Q3,Industrials,2024-Oct-22-NSC.N-138947293328-Transcript.pdf,0,0,0
ODFL,2024-04-24,2024Q1,Industrials,2024-Apr-24-ODFL.OQ-137534837220-Transcript.pdf,0,0,0
ODFL,2024-07-24,2024Q2,Industrials,2024-Jul-24-ODFL.OQ-139251311893-Transcript.pdf,0,0,0
ODFL,2024-10-23,2024Q3,Industrials,2024-Oct-23-ODFL.OQ-138528586225-Transcript.pdf,0,0,0
OTIS,2024-01-31,2023Q4,Industrials,2024-Jan-31-OTIS.N-140619249575-Transcript.pdf,0,0,0
OTIS,2024-04-24,2024Q1,Industrials,2024-Apr-24-OTIS.N-140428871688-Transcript.pdf,0,0,0
OTIS,2024-07-24,2024Q2,Industrials,2024-Jul-24-OTIS.N-139951698183-Transcript.pdf,0,0,0
OTIS,2024-10-30,2024Q3,Industrials,2024-Oct-30-OTIS.N-138347525453-Transcript.pdf,0,0,0
PAYX,2024-04-02,2024Q1,Industrials,2024-Apr-02-PAYX.OQ-139856695402-Transcript.pdf,0,0,0
PAYX,2024-06-26,2024Q1,Industrials,2024-Jun-26-PAYX.OQ-138075814899-Transcript.pdf,0,0,0
PAYX,2024-10-01,2024Q3,Industrials,2024-Oct-01-PAYX.OQ-140531466005-Transcript.pdf,0,0,0
PAYX,2024-12-19,2024Q3,Industrials,2024-Dec-19-PAYX.OQ-139609248714-Transcript.pdf,0,0,0
PCAR,2024-01-23,2023Q4,Industrials,2024-Jan-23-PCAR.OQ-140284563158-Transcript.pdf,0,0,0
PCAR,2024-04-30,2024Q1,Industrials,2024-Apr-30-PCAR.OQ-137046126346-Transcript.pdf,0,0,0
PCAR,2024-07-23,2024Q2,Industrials,2024-Jul-23-PCAR.OQ-138626572055-Transcript.pdf,0,0,0
PCAR,2024-10-22,2024Q3,Industrials,2024-Oct-22-PCAR.OQ-138702657823-Transcript.pdf,0,0,0
PH,2024-02-01,2023Q4,Industrials,2024-Feb-01-PH.N-139518669074-Transcript.pdf,0,0,0
PH,2024-05-02,2024Q1,Industrials,2024-May-02-PH.N-137312282397-Transcript.pdf,0,0,0
PH,2024-08-08,2024Q2,Industrials,2024-Aug-08-PH.N-138588039308-Transcript.pdf,0,0,0
PH,2024-10-31,2024Q3,Industrials,2024-Oct-31-PH.N-138750440636-Transcript.pdf,0,0,0
PNR,2024-01-30,2023Q4,Industrials,2024-Jan-30-PNR.N-139096751889-Transcript.pdf,0,0,0
PNR,2024-04-23,2024Q1,Industrials,2024-Apr-23-PNR.N-137331000562-Transcript.pdf,0,0,0
PNR,2024-07-23,2024Q2,Industrials,2024-Jul-23-PNR.N-140040533856-Transcript.pdf,0,0,0
PNR,2024-10-22,2024Q3,Industrials,2024-Oct-22-PNR.N-139674138030-Transcript.pdf,0,0,0
PWR,2024-02-22,2023Q4,Industrials,2024-Feb-22-PWR.N-139499839858-Transcript.pdf,0,0,0
PWR,2024-05-02,2024Q1,Industrials,2024-May-02-PWR.N-141099191255-Transcript.pdf,0,0,0
PWR,2024-08-01,2024Q2,Industrials,2024-Aug-01-PWR.N-139053971167-Transcript.pdf,0,0,0
PWR,2024-10-31,2024Q3,Industrials,2024-Oct-31-PWR.N-139468875683-Transcript.pdf,0,0,0
PYPL,2024-02-07,2023Q4,Industrials,2024-Feb-07-PYPL.OQ-140583289493-Transcript.pdf,0,0,0
PYPL,2024-04-30,2024Q1,Industrials,2024-Apr-30-PYPL.OQ-137491527991-Transcript.pdf,0,0,0
PYPL,2024-07-30,2024Q2,Industrials,2024-Jul-30-PYPL.OQ-137512756176-Transcript.pdf,0,0,0
PYPL,2024-10-29,2024Q3,Industrials,2024-Oct-29-PYPL.OQ-137989409321-Transcript.pdf,0,0,0
ROK,2024-01-31,2023Q4,Industrials,2024-Jan-31-ROK.N-137257272744-Transcript.pdf,0,0,0
ROK,2024-05-07,2024Q1,Industrials,2024-May-07-ROK.N-137740373884-Transcript.pdf,0,0,0
ROK,2024-08-07,2024Q2,Industrials,2024-Aug-07-ROK.N-140454765853-Transcript.pdf,0,0,0
ROK,2024-11-07,2024Q3,Industrials,2024-Nov-07-ROK.N-137345818146-Transcript.pdf,0,0,0
ROL,2024-02-15,2023Q4,Industrials,2024-Feb-15-ROL.N-137883073008-Transcript.pdf,0,0,0
ROL,2024-04-25,2024Q1,Industrials,2024-Apr-25-ROL.N-137379566321-Transcript.pdf,0,0,0
ROL,2024-07-25,2024Q2,Industrials,2024-Jul-25-ROL.N-139805995435-Transcript.pdf,0,0,0
ROL,2024-10-24,2024Q3,Industrials,2024-Oct-24-ROL.N-139085114069-Transcript.pdf,0,0,0
RSG,2024-02-27,2023Q4,Industrials,2024-Feb-27-RSG.N-138371901870-Transcript.pdf,0,0,0
RSG,2024-04-30,2024Q1,Industrials,2024-Apr-30-RSG.N-137666618575-Transcript.pdf,0,0,0
RSG,2024-07-24,2024Q2,Industrials,2024-Jul-24-RSG.N-136900233295-Transcript.pdf,0,0,0
RSG,2024-10-29,2024Q3,Industrials,2024-Oct-29-RSG.N-140208484050-Transcript.pdf,0,0,0
RTX,2024-01-23,2023Q4,Industrials,2024-Jan-23-RTX.N-139007501529-Transcript.pdf,0,0,0
RTX,2024-04-23,2024Q1,Industrials,2024-Apr-23-RTX.N-138260826988-Transcript.pdf,0,0,0
RTX,2024-07-25,2024Q2,Industrials,2024-Jul-25-RTX.N-140617376145-Transcript.pdf,0,0,0
RTX,2024-10-22,2024Q3,Industrials,2024-Oct-22-RTX.N-139507440429-Transcript.pdf,0,0,0
SNA,2024-02-08,2023Q4,Industrials,2024-Feb-08-SNA.N-140627423656-Transcript.pdf,0,0,0
SNA,2024-04-18,2024Q1,Industrials,2024-Apr-18-SNA.N-140391027706-Transcript.pdf,0,0,0
SNA,2024-07-18,2024Q2,Industrials,2024-Jul-18-SNA.N-138613258913-Transcript.pdf,0,0,0
SNA,2024-10-17,2024Q3,Industrials,2024-Oct-17-SNA.N-139807258494-Transcript.pdf,0,0,0
SPGI,2024-02-08,2023Q4,Industrials,2024-Feb-08-SPGI.N-138951011766-Transcript.pdf,0,0,0
SPGI,2024-04-25,2024Q1,Industrials,2024-Apr-25-SPGI.N-139300971929-Transcript.pdf,0,0,0
SPGI,2024-07-30,2024Q2,Industrials,2024-Jul-30-SPGI.N-137328271240-Transcript.pdf,0,0,0
SPGI,2024-10-24,2024Q3,Industrials,2024-Oct-24-SPGI.N-138082253224-Transcript.pdf,0,0,0
SWK,2024-02-01,2023Q4,Industrials,2024-Feb-01-SWK.N-141153064996-Transcript.pdf,0,0,0
SWK,2024-05-02,2024Q1,Industrials,2024-May-02-SWK.N-138650904990-Transcript.pdf,0,0,0
SWK,2024-07-30,2024Q2,Industrials,2024-Jul-30-SWK.N-137051166776-Transcript.pdf,0,0,0
SWK,2024-10-29,2024Q3,Industrials,2024-Oct-29-SWK.N-137134116519-Transcript.pdf,0,0,0
TDG,2024-02-08,2023Q4,Industrials,2024-Feb-08-TDG.N-140527604325-Transcript.pdf,0,0,0
TDG,2024-05-07,2024Q1,Industrials,2024-May-07-TDG.N-139756317401-Transcript.pdf,0,0,0
TDG,2024-08-06,2024Q2,Industrials,2024-Aug-06-TDG.N-137746572367-Transcript.pdf,0,0,0
TDG,2024-11-07,2024Q3,Industrials,2024-Nov-07-TDG.N-138498814721-Transcript.pdf,0,0,0
TT,2024-02-01,2023Q4,Industrials,2024-Feb-01-TT.N-138273925092-Transcript.pdf,0,0,0
TT,2024-04-30,2024Q1,Industrials,2024-Apr-30-TT.N-140616930714-Transcript.pdf,0,0,0
TT,2024-07-31,2024Q2,Industrials,2024-Jul-31-TT.N-140023562990-Transcript.pdf,0,0,0
TT,2024-10-30,2024Q3,Industrials,2024-Oct-30-TT.N-139489633640-Transcript.pdf,0,0,0
TXT,2024-01-24,2023Q4,Industrials,2024-Jan-24-TXT.N-140279170429-Transcript.pdf,0,0,0
TXT,2024-04-25,2024Q1,Industrials,2024-Apr-25-TXT.N-137609147408-Transcript.pdf,0,0,0
TXT,2024-07-18,2024Q2,Industrials,2024-Jul-18-TXT.N-137122748555-Transcript.pdf,0,0,0
TXT,2024-10-24,2024Q3,Industrials,2024-Oct-24-TXT.N-137264367392-Transcript.pdf,0,0,0
UAL,2024-01-23,2023Q4,Industrials,2024-Jan-23-UAL.OQ-141165836527-Transcript.pdf,0,0,0
UAL,2024-04-17,2024Q1,Industrials,2024-Apr-17-UAL.OQ-139957466380-Transcript.pdf,0,0,0
UAL,2024-07-18,2024Q2,Industrials,2024-Jul-18-UAL.OQ-138904498116-Transcript.pdf,0,0,0
UAL,2024-10-16,2024Q3,Industrials,2024-Oct-16-UAL.OQ-137624640762-Transcript.pdf,0,0,0
UNP,2024-01-25,2023Q4,Industrials,2024-Jan-25-UNP.N-141168857809-Transcript.pdf,0,0,0
UNP,2024-04-25,2024Q1,Industrials,2024-Apr-25-UNP.N-139583723830-Transcript.pdf,0,0,0
UNP,2024-07-25,2024Q2,Industrials,2024-Jul-25-UNP.N-140449047588-Transcript.pdf,0,0,0
UNP,2024-10-24,2024Q3,Industrials,2024-Oct-24-UNP.N-140580803020-Transcript.pdf,0,0,0
UPS,2024-01-30,2023Q4,Industrials,2024-Jan-30-UPS.N-136999795876-Transcript.pdf,0,0,0
UPS,2024-04-23,2024Q1,Industrials,2024-Apr-23-UPS.N-138022261437-Transcript.pdf,0,0,0
UPS,2024-07-23,2024Q2,Industrials,2024-Jul-23-UPS.N-140432109004-Transcript.pdf,0,0,0
UPS,2024-10-24,2024Q3,Industrials,2024-Oct-24-UPS.N-139692876431-Transcript.pdf,0,0,0
URI,2024-01-25,2023Q4,Industrials,2024-Jan-25-URI.N-140723042625-Transcript.pdf,0,0,0
URI,2024-04-25,2024Q1,Industrials,2024-Apr-25-URI.N-140113703915-Transcript.pdf,0,0,0
URI,2024-07-25,2024Q2,Industrials,2024-Jul-25-URI.N-138398364755-Transcript.pdf,0,0,0
URI,2024-10-24,2024Q3,Industrials,2024-Oct-24-URI.N-137026653525-Transcript.pdf,0,0,0
V,2024-01-25,2023Q4,Industrials,2024-Jan-25-V.N-137981294064-Transcript.pdf,0,0,0
V,2024-04-23,2024Q1,Industrials,2024-Apr-23-V.N-138274106664-Transcript.pdf,0,0,0
V,2024-07-23,2024Q2,Industrials,2024-Jul-23-V.N-138059517124-Transcript.pdf,0,0,0
V,2024-10-29,2024Q3,Industrials,2024-Oct-29-V.N-137134134608-Transcript.pdf,0,0,0
VLTO,2024-02-07,2023Q4,Industrials,2024-Feb-07-VLTO.N-139173688297-Transcript.pdf,0,0,0
VLTO,2024-04-24,2024Q1,Industrials,2024-Apr-24-VLTO.N-137878287546-Transcript.pdf,0,0,0
VLTO,2024-07-26,2024Q2,Industrials,2024-Jul-26-VLTO.N-139341188051-Transcript.pdf,0,0,0
VLTO,2024-10-24,2024Q3,Industrials,2024-Oct-24-VLTO.N-140220167436-Transcript.pdf,0,0,0
VRT,2024-02-21,2023Q4,Industrials,2024-Feb-21-VRT.N-138231185671-Transcript.pdf,0,0,0
VRT,2024-04-24,2024Q1,Industrials,2024-Apr-24-VRT.N-136995237851-Transcript.pdf,0,0,0
VRT,2024-07-24,2024Q2,Industrials,2024-Jul-24-VRT.N-140729591249-Transcript.pdf,0,0,0
VRT,2024-10-23,2024Q3,Industrials,2024-Oct-23-VRT.N-138154755243-Transcript.pdf,0,0,0
WAB,2024-02-14,2023Q4,Industrials,2024-Feb-14-WAB.N-139366722079-Transcript.pdf,0,0,0
WAB,2024-04-24,2024Q1,Industrials,2024-Apr-24-WAB.N-138688929419-Transcript.pdf,0,0,0
WAB,2024-07-24,2024Q2,Industrials,2024-Jul-24-WAB.N-138264211004-Transcript.pdf,0,0,0
WAB,2024-10-23,2024Q3,Industrials,2024-Oct-23-WAB.N-139492411360-Transcript.pdf,0,0,0
WM,2024-02-13,2023Q4,Industrials,2024-Feb-13-WM.N-139912870955-Transcript.pdf,0,0,0
WM,2024-04-25,2024Q1,Industrials,2024-Apr-25-WM.N-139146027958-Transcript.pdf,0,0,0
WM,2024-07-25,2024Q2,Industrials,2024-Jul-25-WM.N-139066116663-Transcript.pdf,0,0,0
WM,2024-10-29,2024Q3,Industrials,2024-Oct-29-WM.N-138181673677-Transcript.pdf,0,0,0
XYL,2024-02-06,2023Q4,Industrials,2024-Feb-06-XYL.N-139314363257-Transcript.pdf,0,0,0
XYL,2024-05-02,2024Q1,Industrials,2024-May-02-XYL.N-138019176951-Transcript.pdf,0,0,0
XYL,2024-07-30,2024Q2,Industrials,2024-Jul-30-XYL.N-138114687244-Transcript.pdf,0,0,0
XYL,2024-10-31,2024Q3,Industrials,2024-Oct-31-XYL.N-139819351746-Transcript.pdf,0,0,0
XYZ,2024-02-22,2023Q4,Industrials,2024-Feb-22-XYZ.N-139837383885-Transcript.pdf,0,0,0
XYZ,2024-05-02,2024Q1,Industrials,2024-May-02-XYZ.N-140970725336-Transcript.pdf,0,0,0
XYZ,2024-08-01,2024Q2,Industrials,2024-Aug-01-XYZ.N-140770259569-Transcript.pdf,0,0,0
XYZ,2024-11-07,2024Q3,Industrials,2024-Nov-07-XYZ.N-140040797730-Transcript.pdf,0,0,0
AAL,2024-01-25,2023Q4,Removal,2024-Jan-25-AAL.OQ-139465425291-Transcript.pdf,0,0,0
AAL,2024-04-25,2024Q1,Removal,2024-Apr-25-AAL.OQ-136912487871-Transcript.pdf,0,0,0
AAL,2024-07-25,2024Q2,Removal,2024-Jul-25-AAL.OQ-139226831547-Transcript.pdf,0,0,0
QRVO,2024-01-31,2023Q4,Removal,2024-Jan-31-QRVO.OQ-140934585447-Transcript.pdf,0,0,0
QRVO,2024-05-01,2024Q1,Removal,2024-May-01-QRVO.OQ-139932214109-Transcript.pdf,0,0,0
QRVO,2024-07-30,2024Q2,Removal,2024-Jul-30-QRVO.OQ-137173893436-Transcript.pdf,0,0,0
QRVO,2024-10-29,2024Q3,Removal,2024-Oct-29-QRVO.OQ-138503108642-Transcript.pdf,0,0,0
RHI,2024-01-30,2023Q4,Removal,2024-Jan-30-RHI.N-137753237948-Transcript.pdf,0,0,0
RHI,2024-04-25,2024Q1,Removal,2024-Apr-25-RHI.N-139941214288-Transcript.pdf,0,0,0
RHI,2024-07-24,2024Q2,Removal,2024-Jul-24-RHI.N-139305256979-Transcript.pdf,0,0,0
RHI,2024-10-22,2024Q3,Removal,2024-Oct-22-RHI.N-137381109912-Transcript.pdf,0,0,0
